--------------------------------------------------------
--  파일이 생성됨 - 금요일-6월-11-2021   
--------------------------------------------------------
--------------------------------------------------------
--  DDL for Sequence SEQ_BNO
--------------------------------------------------------

   CREATE SEQUENCE  "XE"."SEQ_BNO"  MINVALUE 1 MAXVALUE 9999999999999999999999999999 INCREMENT BY 1 START WITH 1 CACHE 20 NOORDER  NOCYCLE ;
--------------------------------------------------------
--  DDL for Sequence SEQ_RNO
--------------------------------------------------------

   CREATE SEQUENCE  "XE"."SEQ_RNO"  MINVALUE 1 MAXVALUE 9999999999999999999999999999 INCREMENT BY 1 START WITH 1 CACHE 20 NOORDER  NOCYCLE ;
--------------------------------------------------------
--  DDL for Table TBL_ATTACH
--------------------------------------------------------

  CREATE TABLE "XE"."TBL_ATTACH" 
   (	"SAVE_FILENAME" VARCHAR2(255 BYTE), 
	"REAL_FILE_NAME" VARCHAR2(255 BYTE), 
	"REG_DATE" DATE, 
	"BNO" NUMBER(11,0)
   ) SEGMENT CREATION IMMEDIATE 
  PCTFREE 10 PCTUSED 40 INITRANS 1 MAXTRANS 255 NOCOMPRESS LOGGING
  STORAGE(INITIAL 65536 NEXT 1048576 MINEXTENTS 1 MAXEXTENTS 2147483645
  PCTINCREASE 0 FREELISTS 1 FREELIST GROUPS 1 BUFFER_POOL DEFAULT FLASH_CACHE DEFAULT CELL_FLASH_CACHE DEFAULT)
  TABLESPACE "USERS" ;

   COMMENT ON COLUMN "XE"."TBL_ATTACH"."SAVE_FILENAME" IS '물리적으로저장되는파일명(해시데이터)';
   COMMENT ON COLUMN "XE"."TBL_ATTACH"."REAL_FILE_NAME" IS '한글파일명으로UI에서보이게';
   COMMENT ON COLUMN "XE"."TBL_ATTACH"."REG_DATE" IS '등록일자';
   COMMENT ON COLUMN "XE"."TBL_ATTACH"."BNO" IS '부모테이블의고유키';
   COMMENT ON TABLE "XE"."TBL_ATTACH"  IS '첨부파일관리테이블';
--------------------------------------------------------
--  DDL for Table TBL_BOARD
--------------------------------------------------------

  CREATE TABLE "XE"."TBL_BOARD" 
   (	"BNO" NUMBER(11,0), 
	"TITLE" VARCHAR2(200 BYTE), 
	"CONTENT" CLOB, 
	"WRITER" VARCHAR2(50 BYTE), 
	"VIEW_COUNT" NUMBER(11,0), 
	"REPLY_COUNT" NUMBER(11,0), 
	"REG_DATE" TIMESTAMP (6), 
	"UPDATE_DATE" TIMESTAMP (6), 
	"BOARD_TYPE" VARCHAR2(20 BYTE)
   ) SEGMENT CREATION IMMEDIATE 
  PCTFREE 10 PCTUSED 40 INITRANS 1 MAXTRANS 255 NOCOMPRESS LOGGING
  STORAGE(INITIAL 65536 NEXT 1048576 MINEXTENTS 1 MAXEXTENTS 2147483645
  PCTINCREASE 0 FREELISTS 1 FREELIST GROUPS 1 BUFFER_POOL DEFAULT FLASH_CACHE DEFAULT CELL_FLASH_CACHE DEFAULT)
  TABLESPACE "USERS" 
 LOB ("CONTENT") STORE AS BASICFILE (
  TABLESPACE "USERS" ENABLE STORAGE IN ROW CHUNK 8192 RETENTION 
  NOCACHE LOGGING 
  STORAGE(INITIAL 65536 NEXT 1048576 MINEXTENTS 1 MAXEXTENTS 2147483645
  PCTINCREASE 0 FREELISTS 1 FREELIST GROUPS 1 BUFFER_POOL DEFAULT FLASH_CACHE DEFAULT CELL_FLASH_CACHE DEFAULT)) ;

   COMMENT ON COLUMN "XE"."TBL_BOARD"."BNO" IS '게시판고유번호(자동증가처리)';
   COMMENT ON COLUMN "XE"."TBL_BOARD"."TITLE" IS '게시물제목';
   COMMENT ON COLUMN "XE"."TBL_BOARD"."CONTENT" IS '글내용';
   COMMENT ON COLUMN "XE"."TBL_BOARD"."WRITER" IS '글작성자ID';
   COMMENT ON COLUMN "XE"."TBL_BOARD"."VIEW_COUNT" IS '글조회수카운터';
   COMMENT ON COLUMN "XE"."TBL_BOARD"."REPLY_COUNT" IS '댓글카운터';
   COMMENT ON COLUMN "XE"."TBL_BOARD"."REG_DATE" IS '등록일시';
   COMMENT ON COLUMN "XE"."TBL_BOARD"."UPDATE_DATE" IS '수정일시';
   COMMENT ON TABLE "XE"."TBL_BOARD"  IS '게시물관리테이블';
--------------------------------------------------------
--  DDL for Table TBL_BOARD_TYPE
--------------------------------------------------------

  CREATE TABLE "XE"."TBL_BOARD_TYPE" 
   (	"BOARD_TYPE" VARCHAR2(20 BYTE), 
	"BOARD_NAME" VARCHAR2(50 BYTE), 
	"BOARD_SUN" NUMBER(11,0)
   ) SEGMENT CREATION IMMEDIATE 
  PCTFREE 10 PCTUSED 40 INITRANS 1 MAXTRANS 255 NOCOMPRESS LOGGING
  STORAGE(INITIAL 65536 NEXT 1048576 MINEXTENTS 1 MAXEXTENTS 2147483645
  PCTINCREASE 0 FREELISTS 1 FREELIST GROUPS 1 BUFFER_POOL DEFAULT FLASH_CACHE DEFAULT CELL_FLASH_CACHE DEFAULT)
  TABLESPACE "USERS" ;

   COMMENT ON COLUMN "XE"."TBL_BOARD_TYPE"."BOARD_TYPE" IS '게시판타입(NOTICE,GALLERY등)';
   COMMENT ON COLUMN "XE"."TBL_BOARD_TYPE"."BOARD_NAME" IS '한글게시판이름';
   COMMENT ON COLUMN "XE"."TBL_BOARD_TYPE"."BOARD_SUN" IS '게시판출력순서';
   COMMENT ON TABLE "XE"."TBL_BOARD_TYPE"  IS '게시판생성관리(NOTICE,GALLERY등등)';
--------------------------------------------------------
--  DDL for Table TBL_MEMBER
--------------------------------------------------------

  CREATE TABLE "XE"."TBL_MEMBER" 
   (	"USER_ID" VARCHAR2(50 BYTE), 
	"USER_PW" VARCHAR2(255 BYTE), 
	"USER_NAME" VARCHAR2(255 BYTE), 
	"EMAIL" VARCHAR2(255 BYTE), 
	"POINT" NUMBER(11,0), 
	"ENABLED" NUMBER(1,0), 
	"LEVELS" VARCHAR2(50 BYTE), 
	"REG_DATE" TIMESTAMP (6), 
	"UPDATE_DATE" TIMESTAMP (6)
   ) SEGMENT CREATION IMMEDIATE 
  PCTFREE 10 PCTUSED 40 INITRANS 1 MAXTRANS 255 NOCOMPRESS LOGGING
  STORAGE(INITIAL 65536 NEXT 1048576 MINEXTENTS 1 MAXEXTENTS 2147483645
  PCTINCREASE 0 FREELISTS 1 FREELIST GROUPS 1 BUFFER_POOL DEFAULT FLASH_CACHE DEFAULT CELL_FLASH_CACHE DEFAULT)
  TABLESPACE "USERS" ;

   COMMENT ON COLUMN "XE"."TBL_MEMBER"."USER_ID" IS '회원회원ID';
   COMMENT ON COLUMN "XE"."TBL_MEMBER"."USER_PW" IS '회원로그인암호(스프링시큐리티)';
   COMMENT ON COLUMN "XE"."TBL_MEMBER"."USER_NAME" IS '회원명';
   COMMENT ON TABLE "XE"."TBL_MEMBER"  IS '회원관리테이블';
--------------------------------------------------------
--  DDL for Table TBL_REPLY
--------------------------------------------------------

  CREATE TABLE "XE"."TBL_REPLY" 
   (	"RNO" NUMBER(11,0), 
	"REPLY_TEXT" VARCHAR2(255 BYTE), 
	"REPLYER" VARCHAR2(50 BYTE), 
	"REG_DATE" DATE, 
	"UPDATE_DATE" DATE, 
	"BNO" NUMBER(11,0)
   ) SEGMENT CREATION IMMEDIATE 
  PCTFREE 10 PCTUSED 40 INITRANS 1 MAXTRANS 255 NOCOMPRESS LOGGING
  STORAGE(INITIAL 65536 NEXT 1048576 MINEXTENTS 1 MAXEXTENTS 2147483645
  PCTINCREASE 0 FREELISTS 1 FREELIST GROUPS 1 BUFFER_POOL DEFAULT FLASH_CACHE DEFAULT CELL_FLASH_CACHE DEFAULT)
  TABLESPACE "USERS" ;

   COMMENT ON COLUMN "XE"."TBL_REPLY"."RNO" IS '댓글고유번호(자동증가AI)';
   COMMENT ON COLUMN "XE"."TBL_REPLY"."REPLY_TEXT" IS '댓글내용';
   COMMENT ON COLUMN "XE"."TBL_REPLY"."REPLYER" IS '댓글작성자ID';
   COMMENT ON COLUMN "XE"."TBL_REPLY"."REG_DATE" IS '등록일';
   COMMENT ON COLUMN "XE"."TBL_REPLY"."UPDATE_DATE" IS '수정일';
   COMMENT ON COLUMN "XE"."TBL_REPLY"."BNO" IS '게시물관리고유값외래키';
   COMMENT ON TABLE "XE"."TBL_REPLY"  IS '댓글관리테이블';
REM INSERTING into XE.TBL_ATTACH
SET DEFINE OFF;
REM INSERTING into XE.TBL_BOARD
SET DEFINE OFF;
Insert into XE.TBL_BOARD (BNO,TITLE,WRITER,VIEW_COUNT,REPLY_COUNT,REG_DATE,UPDATE_DATE,BOARD_TYPE) values (1,'공지사항 게시물제목','admin',0,0,to_timestamp('21/06/07 16:15:34.000000000','RR/MM/DD HH24:MI:SSXFF'),to_timestamp('21/06/07 16:15:34.000000000','RR/MM/DD HH24:MI:SSXFF'),'notice');
Insert into XE.TBL_BOARD (BNO,TITLE,WRITER,VIEW_COUNT,REPLY_COUNT,REG_DATE,UPDATE_DATE,BOARD_TYPE) values (2,'공지사항 게시물제목','admin',0,0,to_timestamp('21/06/07 16:15:35.000000000','RR/MM/DD HH24:MI:SSXFF'),to_timestamp('21/06/07 16:15:35.000000000','RR/MM/DD HH24:MI:SSXFF'),'notice');
Insert into XE.TBL_BOARD (BNO,TITLE,WRITER,VIEW_COUNT,REPLY_COUNT,REG_DATE,UPDATE_DATE,BOARD_TYPE) values (3,'공지사항 게시물제목','admin',0,0,to_timestamp('21/06/07 16:15:36.000000000','RR/MM/DD HH24:MI:SSXFF'),to_timestamp('21/06/07 16:15:36.000000000','RR/MM/DD HH24:MI:SSXFF'),'notice');
Insert into XE.TBL_BOARD (BNO,TITLE,WRITER,VIEW_COUNT,REPLY_COUNT,REG_DATE,UPDATE_DATE,BOARD_TYPE) values (4,'공지사항 게시물제목','admin',0,0,to_timestamp('21/06/07 16:15:37.000000000','RR/MM/DD HH24:MI:SSXFF'),to_timestamp('21/06/07 16:15:37.000000000','RR/MM/DD HH24:MI:SSXFF'),'notice');
Insert into XE.TBL_BOARD (BNO,TITLE,WRITER,VIEW_COUNT,REPLY_COUNT,REG_DATE,UPDATE_DATE,BOARD_TYPE) values (5,'공지사항 게시물제목','admin',0,0,to_timestamp('21/06/07 16:15:38.000000000','RR/MM/DD HH24:MI:SSXFF'),to_timestamp('21/06/07 16:15:38.000000000','RR/MM/DD HH24:MI:SSXFF'),'notice');
Insert into XE.TBL_BOARD (BNO,TITLE,WRITER,VIEW_COUNT,REPLY_COUNT,REG_DATE,UPDATE_DATE,BOARD_TYPE) values (6,'공지사항 게시물제목','admin',0,0,to_timestamp('21/06/07 16:15:39.000000000','RR/MM/DD HH24:MI:SSXFF'),to_timestamp('21/06/07 16:15:39.000000000','RR/MM/DD HH24:MI:SSXFF'),'notice');
Insert into XE.TBL_BOARD (BNO,TITLE,WRITER,VIEW_COUNT,REPLY_COUNT,REG_DATE,UPDATE_DATE,BOARD_TYPE) values (7,'공지사항 게시물제목','admin',0,0,to_timestamp('21/06/07 16:15:40.000000000','RR/MM/DD HH24:MI:SSXFF'),to_timestamp('21/06/07 16:15:40.000000000','RR/MM/DD HH24:MI:SSXFF'),'notice');
Insert into XE.TBL_BOARD (BNO,TITLE,WRITER,VIEW_COUNT,REPLY_COUNT,REG_DATE,UPDATE_DATE,BOARD_TYPE) values (8,'공지사항 게시물제목','admin',0,0,to_timestamp('21/06/07 16:15:41.000000000','RR/MM/DD HH24:MI:SSXFF'),to_timestamp('21/06/07 16:15:41.000000000','RR/MM/DD HH24:MI:SSXFF'),'notice');
Insert into XE.TBL_BOARD (BNO,TITLE,WRITER,VIEW_COUNT,REPLY_COUNT,REG_DATE,UPDATE_DATE,BOARD_TYPE) values (9,'공지사항 게시물제목','admin',0,0,to_timestamp('21/06/07 16:15:42.000000000','RR/MM/DD HH24:MI:SSXFF'),to_timestamp('21/06/07 16:15:42.000000000','RR/MM/DD HH24:MI:SSXFF'),'notice');
Insert into XE.TBL_BOARD (BNO,TITLE,WRITER,VIEW_COUNT,REPLY_COUNT,REG_DATE,UPDATE_DATE,BOARD_TYPE) values (10,'공지사항 게시물제목','admin',0,0,to_timestamp('21/06/07 16:15:43.000000000','RR/MM/DD HH24:MI:SSXFF'),to_timestamp('21/06/07 16:15:43.000000000','RR/MM/DD HH24:MI:SSXFF'),'notice');
Insert into XE.TBL_BOARD (BNO,TITLE,WRITER,VIEW_COUNT,REPLY_COUNT,REG_DATE,UPDATE_DATE,BOARD_TYPE) values (11,'공지사항 게시물제목','admin',0,0,to_timestamp('21/06/07 16:15:44.000000000','RR/MM/DD HH24:MI:SSXFF'),to_timestamp('21/06/07 16:15:44.000000000','RR/MM/DD HH24:MI:SSXFF'),'notice');
Insert into XE.TBL_BOARD (BNO,TITLE,WRITER,VIEW_COUNT,REPLY_COUNT,REG_DATE,UPDATE_DATE,BOARD_TYPE) values (12,'공지사항 게시물제목','admin',0,0,to_timestamp('21/06/07 16:15:45.000000000','RR/MM/DD HH24:MI:SSXFF'),to_timestamp('21/06/07 16:15:45.000000000','RR/MM/DD HH24:MI:SSXFF'),'notice');
Insert into XE.TBL_BOARD (BNO,TITLE,WRITER,VIEW_COUNT,REPLY_COUNT,REG_DATE,UPDATE_DATE,BOARD_TYPE) values (13,'공지사항 게시물제목','admin',0,0,to_timestamp('21/06/07 16:15:46.000000000','RR/MM/DD HH24:MI:SSXFF'),to_timestamp('21/06/07 16:15:46.000000000','RR/MM/DD HH24:MI:SSXFF'),'notice');
Insert into XE.TBL_BOARD (BNO,TITLE,WRITER,VIEW_COUNT,REPLY_COUNT,REG_DATE,UPDATE_DATE,BOARD_TYPE) values (14,'공지사항 게시물제목','admin',0,0,to_timestamp('21/06/07 16:15:47.000000000','RR/MM/DD HH24:MI:SSXFF'),to_timestamp('21/06/07 16:15:47.000000000','RR/MM/DD HH24:MI:SSXFF'),'notice');
Insert into XE.TBL_BOARD (BNO,TITLE,WRITER,VIEW_COUNT,REPLY_COUNT,REG_DATE,UPDATE_DATE,BOARD_TYPE) values (15,'공지사항 게시물제목','admin',0,0,to_timestamp('21/06/07 16:15:48.000000000','RR/MM/DD HH24:MI:SSXFF'),to_timestamp('21/06/07 16:15:48.000000000','RR/MM/DD HH24:MI:SSXFF'),'notice');
Insert into XE.TBL_BOARD (BNO,TITLE,WRITER,VIEW_COUNT,REPLY_COUNT,REG_DATE,UPDATE_DATE,BOARD_TYPE) values (16,'공지사항 게시물제목','admin',0,0,to_timestamp('21/06/07 16:15:49.000000000','RR/MM/DD HH24:MI:SSXFF'),to_timestamp('21/06/07 16:15:49.000000000','RR/MM/DD HH24:MI:SSXFF'),'notice');
Insert into XE.TBL_BOARD (BNO,TITLE,WRITER,VIEW_COUNT,REPLY_COUNT,REG_DATE,UPDATE_DATE,BOARD_TYPE) values (17,'공지사항 게시물제목','admin',0,0,to_timestamp('21/06/07 16:15:50.000000000','RR/MM/DD HH24:MI:SSXFF'),to_timestamp('21/06/07 16:15:50.000000000','RR/MM/DD HH24:MI:SSXFF'),'notice');
Insert into XE.TBL_BOARD (BNO,TITLE,WRITER,VIEW_COUNT,REPLY_COUNT,REG_DATE,UPDATE_DATE,BOARD_TYPE) values (18,'공지사항 게시물제목','admin',0,0,to_timestamp('21/06/07 16:15:51.000000000','RR/MM/DD HH24:MI:SSXFF'),to_timestamp('21/06/07 16:15:51.000000000','RR/MM/DD HH24:MI:SSXFF'),'notice');
Insert into XE.TBL_BOARD (BNO,TITLE,WRITER,VIEW_COUNT,REPLY_COUNT,REG_DATE,UPDATE_DATE,BOARD_TYPE) values (19,'공지사항 게시물제목','admin',0,0,to_timestamp('21/06/07 16:15:52.000000000','RR/MM/DD HH24:MI:SSXFF'),to_timestamp('21/06/07 16:15:52.000000000','RR/MM/DD HH24:MI:SSXFF'),'notice');
Insert into XE.TBL_BOARD (BNO,TITLE,WRITER,VIEW_COUNT,REPLY_COUNT,REG_DATE,UPDATE_DATE,BOARD_TYPE) values (20,'공지사항 게시물제목','admin',0,0,to_timestamp('21/06/07 16:15:53.000000000','RR/MM/DD HH24:MI:SSXFF'),to_timestamp('21/06/07 16:15:53.000000000','RR/MM/DD HH24:MI:SSXFF'),'notice');
Insert into XE.TBL_BOARD (BNO,TITLE,WRITER,VIEW_COUNT,REPLY_COUNT,REG_DATE,UPDATE_DATE,BOARD_TYPE) values (21,'공지사항 게시물제목','admin',0,0,to_timestamp('21/06/07 16:15:54.000000000','RR/MM/DD HH24:MI:SSXFF'),to_timestamp('21/06/07 16:15:54.000000000','RR/MM/DD HH24:MI:SSXFF'),'notice');
Insert into XE.TBL_BOARD (BNO,TITLE,WRITER,VIEW_COUNT,REPLY_COUNT,REG_DATE,UPDATE_DATE,BOARD_TYPE) values (22,'공지사항 게시물제목','admin',0,0,to_timestamp('21/06/07 16:15:55.000000000','RR/MM/DD HH24:MI:SSXFF'),to_timestamp('21/06/07 16:15:55.000000000','RR/MM/DD HH24:MI:SSXFF'),'notice');
Insert into XE.TBL_BOARD (BNO,TITLE,WRITER,VIEW_COUNT,REPLY_COUNT,REG_DATE,UPDATE_DATE,BOARD_TYPE) values (23,'공지사항 게시물제목','admin',0,0,to_timestamp('21/06/07 16:15:56.000000000','RR/MM/DD HH24:MI:SSXFF'),to_timestamp('21/06/07 16:15:56.000000000','RR/MM/DD HH24:MI:SSXFF'),'notice');
Insert into XE.TBL_BOARD (BNO,TITLE,WRITER,VIEW_COUNT,REPLY_COUNT,REG_DATE,UPDATE_DATE,BOARD_TYPE) values (24,'공지사항 게시물제목','admin',0,0,to_timestamp('21/06/07 16:15:57.000000000','RR/MM/DD HH24:MI:SSXFF'),to_timestamp('21/06/07 16:15:57.000000000','RR/MM/DD HH24:MI:SSXFF'),'notice');
Insert into XE.TBL_BOARD (BNO,TITLE,WRITER,VIEW_COUNT,REPLY_COUNT,REG_DATE,UPDATE_DATE,BOARD_TYPE) values (25,'공지사항 게시물제목','admin',0,0,to_timestamp('21/06/07 16:15:58.000000000','RR/MM/DD HH24:MI:SSXFF'),to_timestamp('21/06/07 16:15:58.000000000','RR/MM/DD HH24:MI:SSXFF'),'notice');
Insert into XE.TBL_BOARD (BNO,TITLE,WRITER,VIEW_COUNT,REPLY_COUNT,REG_DATE,UPDATE_DATE,BOARD_TYPE) values (26,'공지사항 게시물제목','admin',0,0,to_timestamp('21/06/07 16:15:59.000000000','RR/MM/DD HH24:MI:SSXFF'),to_timestamp('21/06/07 16:15:59.000000000','RR/MM/DD HH24:MI:SSXFF'),'notice');
Insert into XE.TBL_BOARD (BNO,TITLE,WRITER,VIEW_COUNT,REPLY_COUNT,REG_DATE,UPDATE_DATE,BOARD_TYPE) values (27,'공지사항 게시물제목','admin',0,0,to_timestamp('21/06/07 16:16:00.000000000','RR/MM/DD HH24:MI:SSXFF'),to_timestamp('21/06/07 16:16:00.000000000','RR/MM/DD HH24:MI:SSXFF'),'notice');
Insert into XE.TBL_BOARD (BNO,TITLE,WRITER,VIEW_COUNT,REPLY_COUNT,REG_DATE,UPDATE_DATE,BOARD_TYPE) values (28,'공지사항 게시물제목','admin',0,0,to_timestamp('21/06/07 16:16:01.000000000','RR/MM/DD HH24:MI:SSXFF'),to_timestamp('21/06/07 16:16:01.000000000','RR/MM/DD HH24:MI:SSXFF'),'notice');
Insert into XE.TBL_BOARD (BNO,TITLE,WRITER,VIEW_COUNT,REPLY_COUNT,REG_DATE,UPDATE_DATE,BOARD_TYPE) values (29,'공지사항 게시물제목','admin',0,0,to_timestamp('21/06/07 16:16:02.000000000','RR/MM/DD HH24:MI:SSXFF'),to_timestamp('21/06/07 16:16:02.000000000','RR/MM/DD HH24:MI:SSXFF'),'notice');
Insert into XE.TBL_BOARD (BNO,TITLE,WRITER,VIEW_COUNT,REPLY_COUNT,REG_DATE,UPDATE_DATE,BOARD_TYPE) values (30,'공지사항 게시물제목','admin',0,0,to_timestamp('21/06/07 16:16:03.000000000','RR/MM/DD HH24:MI:SSXFF'),to_timestamp('21/06/07 16:16:03.000000000','RR/MM/DD HH24:MI:SSXFF'),'notice');
Insert into XE.TBL_BOARD (BNO,TITLE,WRITER,VIEW_COUNT,REPLY_COUNT,REG_DATE,UPDATE_DATE,BOARD_TYPE) values (31,'공지사항 게시물제목','admin',0,0,to_timestamp('21/06/07 16:16:04.000000000','RR/MM/DD HH24:MI:SSXFF'),to_timestamp('21/06/07 16:16:04.000000000','RR/MM/DD HH24:MI:SSXFF'),'notice');
Insert into XE.TBL_BOARD (BNO,TITLE,WRITER,VIEW_COUNT,REPLY_COUNT,REG_DATE,UPDATE_DATE,BOARD_TYPE) values (32,'공지사항 게시물제목','admin',0,0,to_timestamp('21/06/07 16:16:05.000000000','RR/MM/DD HH24:MI:SSXFF'),to_timestamp('21/06/07 16:16:05.000000000','RR/MM/DD HH24:MI:SSXFF'),'notice');
Insert into XE.TBL_BOARD (BNO,TITLE,WRITER,VIEW_COUNT,REPLY_COUNT,REG_DATE,UPDATE_DATE,BOARD_TYPE) values (33,'공지사항 게시물제목','admin',0,0,to_timestamp('21/06/07 16:16:06.000000000','RR/MM/DD HH24:MI:SSXFF'),to_timestamp('21/06/07 16:16:06.000000000','RR/MM/DD HH24:MI:SSXFF'),'notice');
Insert into XE.TBL_BOARD (BNO,TITLE,WRITER,VIEW_COUNT,REPLY_COUNT,REG_DATE,UPDATE_DATE,BOARD_TYPE) values (34,'공지사항 게시물제목','admin',0,0,to_timestamp('21/06/07 16:16:07.000000000','RR/MM/DD HH24:MI:SSXFF'),to_timestamp('21/06/07 16:16:07.000000000','RR/MM/DD HH24:MI:SSXFF'),'notice');
Insert into XE.TBL_BOARD (BNO,TITLE,WRITER,VIEW_COUNT,REPLY_COUNT,REG_DATE,UPDATE_DATE,BOARD_TYPE) values (35,'공지사항 게시물제목','admin',0,0,to_timestamp('21/06/07 16:16:08.000000000','RR/MM/DD HH24:MI:SSXFF'),to_timestamp('21/06/07 16:16:08.000000000','RR/MM/DD HH24:MI:SSXFF'),'notice');
Insert into XE.TBL_BOARD (BNO,TITLE,WRITER,VIEW_COUNT,REPLY_COUNT,REG_DATE,UPDATE_DATE,BOARD_TYPE) values (36,'공지사항 게시물제목','admin',0,0,to_timestamp('21/06/07 16:16:09.000000000','RR/MM/DD HH24:MI:SSXFF'),to_timestamp('21/06/07 16:16:09.000000000','RR/MM/DD HH24:MI:SSXFF'),'notice');
Insert into XE.TBL_BOARD (BNO,TITLE,WRITER,VIEW_COUNT,REPLY_COUNT,REG_DATE,UPDATE_DATE,BOARD_TYPE) values (37,'공지사항 게시물제목','admin',0,0,to_timestamp('21/06/07 16:16:10.000000000','RR/MM/DD HH24:MI:SSXFF'),to_timestamp('21/06/07 16:16:10.000000000','RR/MM/DD HH24:MI:SSXFF'),'notice');
Insert into XE.TBL_BOARD (BNO,TITLE,WRITER,VIEW_COUNT,REPLY_COUNT,REG_DATE,UPDATE_DATE,BOARD_TYPE) values (38,'공지사항 게시물제목','admin',0,0,to_timestamp('21/06/07 16:16:11.000000000','RR/MM/DD HH24:MI:SSXFF'),to_timestamp('21/06/07 16:16:11.000000000','RR/MM/DD HH24:MI:SSXFF'),'notice');
Insert into XE.TBL_BOARD (BNO,TITLE,WRITER,VIEW_COUNT,REPLY_COUNT,REG_DATE,UPDATE_DATE,BOARD_TYPE) values (39,'공지사항 게시물제목','admin',0,0,to_timestamp('21/06/07 16:16:12.000000000','RR/MM/DD HH24:MI:SSXFF'),to_timestamp('21/06/07 16:16:12.000000000','RR/MM/DD HH24:MI:SSXFF'),'notice');
Insert into XE.TBL_BOARD (BNO,TITLE,WRITER,VIEW_COUNT,REPLY_COUNT,REG_DATE,UPDATE_DATE,BOARD_TYPE) values (40,'공지사항 게시물제목','admin',0,0,to_timestamp('21/06/07 16:16:13.000000000','RR/MM/DD HH24:MI:SSXFF'),to_timestamp('21/06/07 16:16:13.000000000','RR/MM/DD HH24:MI:SSXFF'),'notice');
Insert into XE.TBL_BOARD (BNO,TITLE,WRITER,VIEW_COUNT,REPLY_COUNT,REG_DATE,UPDATE_DATE,BOARD_TYPE) values (41,'공지사항 게시물제목','admin',0,0,to_timestamp('21/06/07 16:16:14.000000000','RR/MM/DD HH24:MI:SSXFF'),to_timestamp('21/06/07 16:16:14.000000000','RR/MM/DD HH24:MI:SSXFF'),'notice');
Insert into XE.TBL_BOARD (BNO,TITLE,WRITER,VIEW_COUNT,REPLY_COUNT,REG_DATE,UPDATE_DATE,BOARD_TYPE) values (42,'공지사항 게시물제목','admin',0,0,to_timestamp('21/06/07 16:16:15.000000000','RR/MM/DD HH24:MI:SSXFF'),to_timestamp('21/06/07 16:16:15.000000000','RR/MM/DD HH24:MI:SSXFF'),'notice');
Insert into XE.TBL_BOARD (BNO,TITLE,WRITER,VIEW_COUNT,REPLY_COUNT,REG_DATE,UPDATE_DATE,BOARD_TYPE) values (43,'공지사항 게시물제목','admin',0,0,to_timestamp('21/06/07 16:16:16.000000000','RR/MM/DD HH24:MI:SSXFF'),to_timestamp('21/06/07 16:16:16.000000000','RR/MM/DD HH24:MI:SSXFF'),'notice');
Insert into XE.TBL_BOARD (BNO,TITLE,WRITER,VIEW_COUNT,REPLY_COUNT,REG_DATE,UPDATE_DATE,BOARD_TYPE) values (44,'공지사항 게시물제목','admin',0,0,to_timestamp('21/06/07 16:16:17.000000000','RR/MM/DD HH24:MI:SSXFF'),to_timestamp('21/06/07 16:16:17.000000000','RR/MM/DD HH24:MI:SSXFF'),'notice');
Insert into XE.TBL_BOARD (BNO,TITLE,WRITER,VIEW_COUNT,REPLY_COUNT,REG_DATE,UPDATE_DATE,BOARD_TYPE) values (45,'공지사항 게시물제목','admin',0,0,to_timestamp('21/06/07 16:16:18.000000000','RR/MM/DD HH24:MI:SSXFF'),to_timestamp('21/06/07 16:16:18.000000000','RR/MM/DD HH24:MI:SSXFF'),'notice');
Insert into XE.TBL_BOARD (BNO,TITLE,WRITER,VIEW_COUNT,REPLY_COUNT,REG_DATE,UPDATE_DATE,BOARD_TYPE) values (46,'공지사항 게시물제목','admin',0,0,to_timestamp('21/06/07 16:16:19.000000000','RR/MM/DD HH24:MI:SSXFF'),to_timestamp('21/06/07 16:16:19.000000000','RR/MM/DD HH24:MI:SSXFF'),'notice');
Insert into XE.TBL_BOARD (BNO,TITLE,WRITER,VIEW_COUNT,REPLY_COUNT,REG_DATE,UPDATE_DATE,BOARD_TYPE) values (47,'공지사항 게시물제목','admin',0,0,to_timestamp('21/06/07 16:16:20.000000000','RR/MM/DD HH24:MI:SSXFF'),to_timestamp('21/06/07 16:16:20.000000000','RR/MM/DD HH24:MI:SSXFF'),'notice');
Insert into XE.TBL_BOARD (BNO,TITLE,WRITER,VIEW_COUNT,REPLY_COUNT,REG_DATE,UPDATE_DATE,BOARD_TYPE) values (48,'공지사항 게시물제목','admin',0,0,to_timestamp('21/06/07 16:16:21.000000000','RR/MM/DD HH24:MI:SSXFF'),to_timestamp('21/06/07 16:16:21.000000000','RR/MM/DD HH24:MI:SSXFF'),'notice');
Insert into XE.TBL_BOARD (BNO,TITLE,WRITER,VIEW_COUNT,REPLY_COUNT,REG_DATE,UPDATE_DATE,BOARD_TYPE) values (49,'공지사항 게시물제목','admin',0,0,to_timestamp('21/06/07 16:16:22.000000000','RR/MM/DD HH24:MI:SSXFF'),to_timestamp('21/06/07 16:16:22.000000000','RR/MM/DD HH24:MI:SSXFF'),'notice');
Insert into XE.TBL_BOARD (BNO,TITLE,WRITER,VIEW_COUNT,REPLY_COUNT,REG_DATE,UPDATE_DATE,BOARD_TYPE) values (50,'공지사항 게시물제목','admin',0,0,to_timestamp('21/06/07 16:16:23.000000000','RR/MM/DD HH24:MI:SSXFF'),to_timestamp('21/06/07 16:16:23.000000000','RR/MM/DD HH24:MI:SSXFF'),'notice');
Insert into XE.TBL_BOARD (BNO,TITLE,WRITER,VIEW_COUNT,REPLY_COUNT,REG_DATE,UPDATE_DATE,BOARD_TYPE) values (51,'갤러리 게시물제목','admin',0,0,to_timestamp('21/06/07 16:16:24.000000000','RR/MM/DD HH24:MI:SSXFF'),to_timestamp('21/06/07 16:16:24.000000000','RR/MM/DD HH24:MI:SSXFF'),'gallery');
Insert into XE.TBL_BOARD (BNO,TITLE,WRITER,VIEW_COUNT,REPLY_COUNT,REG_DATE,UPDATE_DATE,BOARD_TYPE) values (52,'갤러리 게시물제목','admin',0,0,to_timestamp('21/06/07 16:16:25.000000000','RR/MM/DD HH24:MI:SSXFF'),to_timestamp('21/06/07 16:16:25.000000000','RR/MM/DD HH24:MI:SSXFF'),'gallery');
Insert into XE.TBL_BOARD (BNO,TITLE,WRITER,VIEW_COUNT,REPLY_COUNT,REG_DATE,UPDATE_DATE,BOARD_TYPE) values (53,'갤러리 게시물제목','admin',0,0,to_timestamp('21/06/07 16:16:26.000000000','RR/MM/DD HH24:MI:SSXFF'),to_timestamp('21/06/07 16:16:26.000000000','RR/MM/DD HH24:MI:SSXFF'),'gallery');
Insert into XE.TBL_BOARD (BNO,TITLE,WRITER,VIEW_COUNT,REPLY_COUNT,REG_DATE,UPDATE_DATE,BOARD_TYPE) values (54,'갤러리 게시물제목','admin',0,0,to_timestamp('21/06/07 16:16:27.000000000','RR/MM/DD HH24:MI:SSXFF'),to_timestamp('21/06/07 16:16:27.000000000','RR/MM/DD HH24:MI:SSXFF'),'gallery');
Insert into XE.TBL_BOARD (BNO,TITLE,WRITER,VIEW_COUNT,REPLY_COUNT,REG_DATE,UPDATE_DATE,BOARD_TYPE) values (55,'갤러리 게시물제목','admin',0,0,to_timestamp('21/06/07 16:16:28.000000000','RR/MM/DD HH24:MI:SSXFF'),to_timestamp('21/06/07 16:16:28.000000000','RR/MM/DD HH24:MI:SSXFF'),'gallery');
Insert into XE.TBL_BOARD (BNO,TITLE,WRITER,VIEW_COUNT,REPLY_COUNT,REG_DATE,UPDATE_DATE,BOARD_TYPE) values (56,'갤러리 게시물제목','admin',0,0,to_timestamp('21/06/07 16:16:29.000000000','RR/MM/DD HH24:MI:SSXFF'),to_timestamp('21/06/07 16:16:29.000000000','RR/MM/DD HH24:MI:SSXFF'),'gallery');
Insert into XE.TBL_BOARD (BNO,TITLE,WRITER,VIEW_COUNT,REPLY_COUNT,REG_DATE,UPDATE_DATE,BOARD_TYPE) values (57,'갤러리 게시물제목','admin',0,0,to_timestamp('21/06/07 16:16:30.000000000','RR/MM/DD HH24:MI:SSXFF'),to_timestamp('21/06/07 16:16:30.000000000','RR/MM/DD HH24:MI:SSXFF'),'gallery');
Insert into XE.TBL_BOARD (BNO,TITLE,WRITER,VIEW_COUNT,REPLY_COUNT,REG_DATE,UPDATE_DATE,BOARD_TYPE) values (58,'갤러리 게시물제목','admin',0,0,to_timestamp('21/06/07 16:16:31.000000000','RR/MM/DD HH24:MI:SSXFF'),to_timestamp('21/06/07 16:16:31.000000000','RR/MM/DD HH24:MI:SSXFF'),'gallery');
Insert into XE.TBL_BOARD (BNO,TITLE,WRITER,VIEW_COUNT,REPLY_COUNT,REG_DATE,UPDATE_DATE,BOARD_TYPE) values (59,'갤러리 게시물제목','admin',0,0,to_timestamp('21/06/07 16:16:32.000000000','RR/MM/DD HH24:MI:SSXFF'),to_timestamp('21/06/07 16:16:32.000000000','RR/MM/DD HH24:MI:SSXFF'),'gallery');
Insert into XE.TBL_BOARD (BNO,TITLE,WRITER,VIEW_COUNT,REPLY_COUNT,REG_DATE,UPDATE_DATE,BOARD_TYPE) values (60,'갤러리 게시물제목','admin',0,0,to_timestamp('21/06/07 16:16:33.000000000','RR/MM/DD HH24:MI:SSXFF'),to_timestamp('21/06/07 16:16:33.000000000','RR/MM/DD HH24:MI:SSXFF'),'gallery');
Insert into XE.TBL_BOARD (BNO,TITLE,WRITER,VIEW_COUNT,REPLY_COUNT,REG_DATE,UPDATE_DATE,BOARD_TYPE) values (61,'갤러리 게시물제목','admin',0,0,to_timestamp('21/06/07 16:16:34.000000000','RR/MM/DD HH24:MI:SSXFF'),to_timestamp('21/06/07 16:16:34.000000000','RR/MM/DD HH24:MI:SSXFF'),'gallery');
Insert into XE.TBL_BOARD (BNO,TITLE,WRITER,VIEW_COUNT,REPLY_COUNT,REG_DATE,UPDATE_DATE,BOARD_TYPE) values (62,'갤러리 게시물제목','admin',0,0,to_timestamp('21/06/07 16:16:35.000000000','RR/MM/DD HH24:MI:SSXFF'),to_timestamp('21/06/07 16:16:35.000000000','RR/MM/DD HH24:MI:SSXFF'),'gallery');
Insert into XE.TBL_BOARD (BNO,TITLE,WRITER,VIEW_COUNT,REPLY_COUNT,REG_DATE,UPDATE_DATE,BOARD_TYPE) values (63,'갤러리 게시물제목','admin',0,0,to_timestamp('21/06/07 16:16:36.000000000','RR/MM/DD HH24:MI:SSXFF'),to_timestamp('21/06/07 16:16:36.000000000','RR/MM/DD HH24:MI:SSXFF'),'gallery');
Insert into XE.TBL_BOARD (BNO,TITLE,WRITER,VIEW_COUNT,REPLY_COUNT,REG_DATE,UPDATE_DATE,BOARD_TYPE) values (64,'갤러리 게시물제목','admin',0,0,to_timestamp('21/06/07 16:16:37.000000000','RR/MM/DD HH24:MI:SSXFF'),to_timestamp('21/06/07 16:16:37.000000000','RR/MM/DD HH24:MI:SSXFF'),'gallery');
Insert into XE.TBL_BOARD (BNO,TITLE,WRITER,VIEW_COUNT,REPLY_COUNT,REG_DATE,UPDATE_DATE,BOARD_TYPE) values (65,'갤러리 게시물제목','admin',0,0,to_timestamp('21/06/07 16:16:38.000000000','RR/MM/DD HH24:MI:SSXFF'),to_timestamp('21/06/07 16:16:38.000000000','RR/MM/DD HH24:MI:SSXFF'),'gallery');
Insert into XE.TBL_BOARD (BNO,TITLE,WRITER,VIEW_COUNT,REPLY_COUNT,REG_DATE,UPDATE_DATE,BOARD_TYPE) values (66,'갤러리 게시물제목','admin',0,0,to_timestamp('21/06/07 16:16:39.000000000','RR/MM/DD HH24:MI:SSXFF'),to_timestamp('21/06/07 16:16:39.000000000','RR/MM/DD HH24:MI:SSXFF'),'gallery');
Insert into XE.TBL_BOARD (BNO,TITLE,WRITER,VIEW_COUNT,REPLY_COUNT,REG_DATE,UPDATE_DATE,BOARD_TYPE) values (67,'갤러리 게시물제목','admin',0,0,to_timestamp('21/06/07 16:16:40.000000000','RR/MM/DD HH24:MI:SSXFF'),to_timestamp('21/06/07 16:16:40.000000000','RR/MM/DD HH24:MI:SSXFF'),'gallery');
Insert into XE.TBL_BOARD (BNO,TITLE,WRITER,VIEW_COUNT,REPLY_COUNT,REG_DATE,UPDATE_DATE,BOARD_TYPE) values (68,'갤러리 게시물제목','admin',0,0,to_timestamp('21/06/07 16:16:41.000000000','RR/MM/DD HH24:MI:SSXFF'),to_timestamp('21/06/07 16:16:41.000000000','RR/MM/DD HH24:MI:SSXFF'),'gallery');
Insert into XE.TBL_BOARD (BNO,TITLE,WRITER,VIEW_COUNT,REPLY_COUNT,REG_DATE,UPDATE_DATE,BOARD_TYPE) values (69,'갤러리 게시물제목','admin',0,0,to_timestamp('21/06/07 16:16:42.000000000','RR/MM/DD HH24:MI:SSXFF'),to_timestamp('21/06/07 16:16:42.000000000','RR/MM/DD HH24:MI:SSXFF'),'gallery');
Insert into XE.TBL_BOARD (BNO,TITLE,WRITER,VIEW_COUNT,REPLY_COUNT,REG_DATE,UPDATE_DATE,BOARD_TYPE) values (70,'갤러리 게시물제목','admin',0,0,to_timestamp('21/06/07 16:16:43.000000000','RR/MM/DD HH24:MI:SSXFF'),to_timestamp('21/06/07 16:16:43.000000000','RR/MM/DD HH24:MI:SSXFF'),'gallery');
Insert into XE.TBL_BOARD (BNO,TITLE,WRITER,VIEW_COUNT,REPLY_COUNT,REG_DATE,UPDATE_DATE,BOARD_TYPE) values (71,'갤러리 게시물제목','admin',0,0,to_timestamp('21/06/07 16:16:44.000000000','RR/MM/DD HH24:MI:SSXFF'),to_timestamp('21/06/07 16:16:44.000000000','RR/MM/DD HH24:MI:SSXFF'),'gallery');
Insert into XE.TBL_BOARD (BNO,TITLE,WRITER,VIEW_COUNT,REPLY_COUNT,REG_DATE,UPDATE_DATE,BOARD_TYPE) values (72,'갤러리 게시물제목','admin',0,0,to_timestamp('21/06/07 16:16:45.000000000','RR/MM/DD HH24:MI:SSXFF'),to_timestamp('21/06/07 16:16:45.000000000','RR/MM/DD HH24:MI:SSXFF'),'gallery');
Insert into XE.TBL_BOARD (BNO,TITLE,WRITER,VIEW_COUNT,REPLY_COUNT,REG_DATE,UPDATE_DATE,BOARD_TYPE) values (73,'갤러리 게시물제목','admin',0,0,to_timestamp('21/06/07 16:16:46.000000000','RR/MM/DD HH24:MI:SSXFF'),to_timestamp('21/06/07 16:16:46.000000000','RR/MM/DD HH24:MI:SSXFF'),'gallery');
Insert into XE.TBL_BOARD (BNO,TITLE,WRITER,VIEW_COUNT,REPLY_COUNT,REG_DATE,UPDATE_DATE,BOARD_TYPE) values (74,'갤러리 게시물제목','admin',0,0,to_timestamp('21/06/07 16:16:47.000000000','RR/MM/DD HH24:MI:SSXFF'),to_timestamp('21/06/07 16:16:47.000000000','RR/MM/DD HH24:MI:SSXFF'),'gallery');
Insert into XE.TBL_BOARD (BNO,TITLE,WRITER,VIEW_COUNT,REPLY_COUNT,REG_DATE,UPDATE_DATE,BOARD_TYPE) values (75,'갤러리 게시물제목','admin',0,0,to_timestamp('21/06/07 16:16:48.000000000','RR/MM/DD HH24:MI:SSXFF'),to_timestamp('21/06/07 16:16:48.000000000','RR/MM/DD HH24:MI:SSXFF'),'gallery');
Insert into XE.TBL_BOARD (BNO,TITLE,WRITER,VIEW_COUNT,REPLY_COUNT,REG_DATE,UPDATE_DATE,BOARD_TYPE) values (76,'갤러리 게시물제목','admin',0,0,to_timestamp('21/06/07 16:16:49.000000000','RR/MM/DD HH24:MI:SSXFF'),to_timestamp('21/06/07 16:16:49.000000000','RR/MM/DD HH24:MI:SSXFF'),'gallery');
Insert into XE.TBL_BOARD (BNO,TITLE,WRITER,VIEW_COUNT,REPLY_COUNT,REG_DATE,UPDATE_DATE,BOARD_TYPE) values (77,'갤러리 게시물제목','admin',0,0,to_timestamp('21/06/07 16:16:50.000000000','RR/MM/DD HH24:MI:SSXFF'),to_timestamp('21/06/07 16:16:50.000000000','RR/MM/DD HH24:MI:SSXFF'),'gallery');
Insert into XE.TBL_BOARD (BNO,TITLE,WRITER,VIEW_COUNT,REPLY_COUNT,REG_DATE,UPDATE_DATE,BOARD_TYPE) values (78,'갤러리 게시물제목','admin',0,0,to_timestamp('21/06/07 16:16:51.000000000','RR/MM/DD HH24:MI:SSXFF'),to_timestamp('21/06/07 16:16:51.000000000','RR/MM/DD HH24:MI:SSXFF'),'gallery');
Insert into XE.TBL_BOARD (BNO,TITLE,WRITER,VIEW_COUNT,REPLY_COUNT,REG_DATE,UPDATE_DATE,BOARD_TYPE) values (79,'갤러리 게시물제목','admin',0,0,to_timestamp('21/06/07 16:16:52.000000000','RR/MM/DD HH24:MI:SSXFF'),to_timestamp('21/06/07 16:16:52.000000000','RR/MM/DD HH24:MI:SSXFF'),'gallery');
Insert into XE.TBL_BOARD (BNO,TITLE,WRITER,VIEW_COUNT,REPLY_COUNT,REG_DATE,UPDATE_DATE,BOARD_TYPE) values (80,'갤러리 게시물제목','admin',0,0,to_timestamp('21/06/07 16:16:53.000000000','RR/MM/DD HH24:MI:SSXFF'),to_timestamp('21/06/07 16:16:53.000000000','RR/MM/DD HH24:MI:SSXFF'),'gallery');
Insert into XE.TBL_BOARD (BNO,TITLE,WRITER,VIEW_COUNT,REPLY_COUNT,REG_DATE,UPDATE_DATE,BOARD_TYPE) values (81,'갤러리 게시물제목','admin',0,0,to_timestamp('21/06/07 16:16:54.000000000','RR/MM/DD HH24:MI:SSXFF'),to_timestamp('21/06/07 16:16:54.000000000','RR/MM/DD HH24:MI:SSXFF'),'gallery');
Insert into XE.TBL_BOARD (BNO,TITLE,WRITER,VIEW_COUNT,REPLY_COUNT,REG_DATE,UPDATE_DATE,BOARD_TYPE) values (82,'갤러리 게시물제목','admin',0,0,to_timestamp('21/06/07 16:16:55.000000000','RR/MM/DD HH24:MI:SSXFF'),to_timestamp('21/06/07 16:16:55.000000000','RR/MM/DD HH24:MI:SSXFF'),'gallery');
Insert into XE.TBL_BOARD (BNO,TITLE,WRITER,VIEW_COUNT,REPLY_COUNT,REG_DATE,UPDATE_DATE,BOARD_TYPE) values (83,'갤러리 게시물제목','admin',0,0,to_timestamp('21/06/07 16:16:56.000000000','RR/MM/DD HH24:MI:SSXFF'),to_timestamp('21/06/07 16:16:56.000000000','RR/MM/DD HH24:MI:SSXFF'),'gallery');
Insert into XE.TBL_BOARD (BNO,TITLE,WRITER,VIEW_COUNT,REPLY_COUNT,REG_DATE,UPDATE_DATE,BOARD_TYPE) values (84,'갤러리 게시물제목','admin',0,0,to_timestamp('21/06/07 16:16:57.000000000','RR/MM/DD HH24:MI:SSXFF'),to_timestamp('21/06/07 16:16:57.000000000','RR/MM/DD HH24:MI:SSXFF'),'gallery');
Insert into XE.TBL_BOARD (BNO,TITLE,WRITER,VIEW_COUNT,REPLY_COUNT,REG_DATE,UPDATE_DATE,BOARD_TYPE) values (85,'갤러리 게시물제목','admin',0,0,to_timestamp('21/06/07 16:16:58.000000000','RR/MM/DD HH24:MI:SSXFF'),to_timestamp('21/06/07 16:16:58.000000000','RR/MM/DD HH24:MI:SSXFF'),'gallery');
Insert into XE.TBL_BOARD (BNO,TITLE,WRITER,VIEW_COUNT,REPLY_COUNT,REG_DATE,UPDATE_DATE,BOARD_TYPE) values (86,'갤러리 게시물제목','admin',0,0,to_timestamp('21/06/07 16:16:59.000000000','RR/MM/DD HH24:MI:SSXFF'),to_timestamp('21/06/07 16:16:59.000000000','RR/MM/DD HH24:MI:SSXFF'),'gallery');
Insert into XE.TBL_BOARD (BNO,TITLE,WRITER,VIEW_COUNT,REPLY_COUNT,REG_DATE,UPDATE_DATE,BOARD_TYPE) values (87,'갤러리 게시물제목','admin',0,0,to_timestamp('21/06/07 16:17:00.000000000','RR/MM/DD HH24:MI:SSXFF'),to_timestamp('21/06/07 16:17:00.000000000','RR/MM/DD HH24:MI:SSXFF'),'gallery');
Insert into XE.TBL_BOARD (BNO,TITLE,WRITER,VIEW_COUNT,REPLY_COUNT,REG_DATE,UPDATE_DATE,BOARD_TYPE) values (88,'갤러리 게시물제목','admin',0,0,to_timestamp('21/06/07 16:17:01.000000000','RR/MM/DD HH24:MI:SSXFF'),to_timestamp('21/06/07 16:17:01.000000000','RR/MM/DD HH24:MI:SSXFF'),'gallery');
Insert into XE.TBL_BOARD (BNO,TITLE,WRITER,VIEW_COUNT,REPLY_COUNT,REG_DATE,UPDATE_DATE,BOARD_TYPE) values (89,'갤러리 게시물제목','admin',0,0,to_timestamp('21/06/07 16:17:02.000000000','RR/MM/DD HH24:MI:SSXFF'),to_timestamp('21/06/07 16:17:02.000000000','RR/MM/DD HH24:MI:SSXFF'),'gallery');
Insert into XE.TBL_BOARD (BNO,TITLE,WRITER,VIEW_COUNT,REPLY_COUNT,REG_DATE,UPDATE_DATE,BOARD_TYPE) values (90,'갤러리 게시물제목','admin',0,0,to_timestamp('21/06/07 16:17:03.000000000','RR/MM/DD HH24:MI:SSXFF'),to_timestamp('21/06/07 16:17:03.000000000','RR/MM/DD HH24:MI:SSXFF'),'gallery');
Insert into XE.TBL_BOARD (BNO,TITLE,WRITER,VIEW_COUNT,REPLY_COUNT,REG_DATE,UPDATE_DATE,BOARD_TYPE) values (91,'갤러리 게시물제목','admin',0,0,to_timestamp('21/06/07 16:17:04.000000000','RR/MM/DD HH24:MI:SSXFF'),to_timestamp('21/06/07 16:17:04.000000000','RR/MM/DD HH24:MI:SSXFF'),'gallery');
Insert into XE.TBL_BOARD (BNO,TITLE,WRITER,VIEW_COUNT,REPLY_COUNT,REG_DATE,UPDATE_DATE,BOARD_TYPE) values (92,'갤러리 게시물제목','admin',0,0,to_timestamp('21/06/07 16:17:05.000000000','RR/MM/DD HH24:MI:SSXFF'),to_timestamp('21/06/07 16:17:05.000000000','RR/MM/DD HH24:MI:SSXFF'),'gallery');
Insert into XE.TBL_BOARD (BNO,TITLE,WRITER,VIEW_COUNT,REPLY_COUNT,REG_DATE,UPDATE_DATE,BOARD_TYPE) values (93,'갤러리 게시물제목','admin',0,0,to_timestamp('21/06/07 16:17:06.000000000','RR/MM/DD HH24:MI:SSXFF'),to_timestamp('21/06/07 16:17:06.000000000','RR/MM/DD HH24:MI:SSXFF'),'gallery');
Insert into XE.TBL_BOARD (BNO,TITLE,WRITER,VIEW_COUNT,REPLY_COUNT,REG_DATE,UPDATE_DATE,BOARD_TYPE) values (94,'갤러리 게시물제목','admin',0,0,to_timestamp('21/06/07 16:17:07.000000000','RR/MM/DD HH24:MI:SSXFF'),to_timestamp('21/06/07 16:17:07.000000000','RR/MM/DD HH24:MI:SSXFF'),'gallery');
Insert into XE.TBL_BOARD (BNO,TITLE,WRITER,VIEW_COUNT,REPLY_COUNT,REG_DATE,UPDATE_DATE,BOARD_TYPE) values (95,'갤러리 게시물제목','admin',0,0,to_timestamp('21/06/07 16:17:08.000000000','RR/MM/DD HH24:MI:SSXFF'),to_timestamp('21/06/07 16:17:08.000000000','RR/MM/DD HH24:MI:SSXFF'),'gallery');
Insert into XE.TBL_BOARD (BNO,TITLE,WRITER,VIEW_COUNT,REPLY_COUNT,REG_DATE,UPDATE_DATE,BOARD_TYPE) values (96,'갤러리 게시물제목','admin',0,0,to_timestamp('21/06/07 16:17:09.000000000','RR/MM/DD HH24:MI:SSXFF'),to_timestamp('21/06/07 16:17:09.000000000','RR/MM/DD HH24:MI:SSXFF'),'gallery');
Insert into XE.TBL_BOARD (BNO,TITLE,WRITER,VIEW_COUNT,REPLY_COUNT,REG_DATE,UPDATE_DATE,BOARD_TYPE) values (97,'갤러리 게시물제목','admin',0,0,to_timestamp('21/06/07 16:17:10.000000000','RR/MM/DD HH24:MI:SSXFF'),to_timestamp('21/06/07 16:17:10.000000000','RR/MM/DD HH24:MI:SSXFF'),'gallery');
Insert into XE.TBL_BOARD (BNO,TITLE,WRITER,VIEW_COUNT,REPLY_COUNT,REG_DATE,UPDATE_DATE,BOARD_TYPE) values (98,'갤러리 게시물제목','admin',0,0,to_timestamp('21/06/07 16:17:11.000000000','RR/MM/DD HH24:MI:SSXFF'),to_timestamp('21/06/07 16:17:11.000000000','RR/MM/DD HH24:MI:SSXFF'),'gallery');
Insert into XE.TBL_BOARD (BNO,TITLE,WRITER,VIEW_COUNT,REPLY_COUNT,REG_DATE,UPDATE_DATE,BOARD_TYPE) values (99,'갤러리 게시물제목','admin',0,0,to_timestamp('21/06/07 16:17:12.000000000','RR/MM/DD HH24:MI:SSXFF'),to_timestamp('21/06/07 16:17:12.000000000','RR/MM/DD HH24:MI:SSXFF'),'gallery');
Insert into XE.TBL_BOARD (BNO,TITLE,WRITER,VIEW_COUNT,REPLY_COUNT,REG_DATE,UPDATE_DATE,BOARD_TYPE) values (100,'갤러리 게시물제목','admin',0,0,to_timestamp('21/06/07 16:17:13.000000000','RR/MM/DD HH24:MI:SSXFF'),to_timestamp('21/06/07 16:17:13.000000000','RR/MM/DD HH24:MI:SSXFF'),'gallery');
REM INSERTING into XE.TBL_BOARD_TYPE
SET DEFINE OFF;
Insert into XE.TBL_BOARD_TYPE (BOARD_TYPE,BOARD_NAME,BOARD_SUN) values ('notice','공지사항',1);
Insert into XE.TBL_BOARD_TYPE (BOARD_TYPE,BOARD_NAME,BOARD_SUN) values ('gallery','갤러리',2);
REM INSERTING into XE.TBL_MEMBER
SET DEFINE OFF;
Insert into XE.TBL_MEMBER (USER_ID,USER_PW,USER_NAME,EMAIL,POINT,ENABLED,LEVELS,REG_DATE,UPDATE_DATE) values ('user2','$2a$10$QXqPHtI9UY3pGRuK0LasEusHvDW9zXRDrZ7iMn7rC/LCbg2ElrxDm','사용자2','user@test.com',0,1,'ROLE_USER',to_timestamp('21/06/09 10:43:14.000000000','RR/MM/DD HH24:MI:SSXFF'),to_timestamp('21/06/10 12:39:32.686000000','RR/MM/DD HH24:MI:SSXFF'));
Insert into XE.TBL_MEMBER (USER_ID,USER_PW,USER_NAME,EMAIL,POINT,ENABLED,LEVELS,REG_DATE,UPDATE_DATE) values ('user4','$2a$10$eVCHA.xmZJ3c1JucW4WINO7JeE0GoPydqlz94RdKHnDIEvxx1UTDi','사용자4','user@test.com',0,1,'ROLE_USER',to_timestamp('21/06/09 10:43:16.000000000','RR/MM/DD HH24:MI:SSXFF'),to_timestamp('21/06/10 12:39:32.505000000','RR/MM/DD HH24:MI:SSXFF'));
Insert into XE.TBL_MEMBER (USER_ID,USER_PW,USER_NAME,EMAIL,POINT,ENABLED,LEVELS,REG_DATE,UPDATE_DATE) values ('user6','$2a$10$BmofTRBv3wP6fMT2stQO0u9iQP3SKPJ2y/1kM4T7wIds8fx655Cke','사용자6','user@test.com',0,1,'ROLE_USER',to_timestamp('21/06/09 10:43:18.000000000','RR/MM/DD HH24:MI:SSXFF'),to_timestamp('21/06/10 12:39:32.326000000','RR/MM/DD HH24:MI:SSXFF'));
Insert into XE.TBL_MEMBER (USER_ID,USER_PW,USER_NAME,EMAIL,POINT,ENABLED,LEVELS,REG_DATE,UPDATE_DATE) values ('user8','$2a$10$fx1.ESifbMBJPf1IzzdlfOYVGk/mfsVm4MdSD30HIkq5A5AErlLIO','사용자8','user@test.com',0,1,'ROLE_USER',to_timestamp('21/06/09 10:43:20.000000000','RR/MM/DD HH24:MI:SSXFF'),to_timestamp('21/06/10 12:39:32.148000000','RR/MM/DD HH24:MI:SSXFF'));
Insert into XE.TBL_MEMBER (USER_ID,USER_PW,USER_NAME,EMAIL,POINT,ENABLED,LEVELS,REG_DATE,UPDATE_DATE) values ('user10','$2a$10$Ih8xqb987H.sjY3A9BY5aeoteU9Z7py5RA3XqbdbDCowu2geEqxBi','사용자10','user@test.com',0,1,'ROLE_USER',to_timestamp('21/06/09 10:43:22.000000000','RR/MM/DD HH24:MI:SSXFF'),to_timestamp('21/06/10 12:39:31.966000000','RR/MM/DD HH24:MI:SSXFF'));
Insert into XE.TBL_MEMBER (USER_ID,USER_PW,USER_NAME,EMAIL,POINT,ENABLED,LEVELS,REG_DATE,UPDATE_DATE) values ('user12','$2a$10$S5s4uIi9srE.lxSC.qMfXuemTCfsSWd9giR584k4kNvMB3dfrsE8C','사용자12','user@test.com',0,1,'ROLE_USER',to_timestamp('21/06/09 10:43:24.000000000','RR/MM/DD HH24:MI:SSXFF'),to_timestamp('21/06/10 12:39:31.647000000','RR/MM/DD HH24:MI:SSXFF'));
Insert into XE.TBL_MEMBER (USER_ID,USER_PW,USER_NAME,EMAIL,POINT,ENABLED,LEVELS,REG_DATE,UPDATE_DATE) values ('user14','$2a$10$xL7jp6Vcixfk9O5NFKTJLOk8QNVSFprxvEFw2OuMHIwkJYBtL4qiO','사용자14','user@test.com',0,1,'ROLE_USER',to_timestamp('21/06/09 10:43:26.000000000','RR/MM/DD HH24:MI:SSXFF'),to_timestamp('21/06/10 12:39:31.453000000','RR/MM/DD HH24:MI:SSXFF'));
Insert into XE.TBL_MEMBER (USER_ID,USER_PW,USER_NAME,EMAIL,POINT,ENABLED,LEVELS,REG_DATE,UPDATE_DATE) values ('user16','$2a$10$ZzbH/5gVStbduvzkZNvtfusaogESnUt5AeY.7ZSYuOhdAKvIyVIiu','사용자16','user@test.com',0,1,'ROLE_USER',to_timestamp('21/06/09 10:43:28.000000000','RR/MM/DD HH24:MI:SSXFF'),to_timestamp('21/06/10 12:39:31.254000000','RR/MM/DD HH24:MI:SSXFF'));
Insert into XE.TBL_MEMBER (USER_ID,USER_PW,USER_NAME,EMAIL,POINT,ENABLED,LEVELS,REG_DATE,UPDATE_DATE) values ('user18','$2a$10$bmaMTL/pUxxhAFqeTtwoMeLVhOPcaLEPFEuqeoLbSmSNxMLFNGc2e','사용자18','user@test.com',0,1,'ROLE_USER',to_timestamp('21/06/09 10:43:30.000000000','RR/MM/DD HH24:MI:SSXFF'),to_timestamp('21/06/10 12:39:31.011000000','RR/MM/DD HH24:MI:SSXFF'));
Insert into XE.TBL_MEMBER (USER_ID,USER_PW,USER_NAME,EMAIL,POINT,ENABLED,LEVELS,REG_DATE,UPDATE_DATE) values ('user20','$2a$10$9RV7C3Q7D65Qei2WbTR1weEIltiv.agxJUHvyj6Ccq0q/Pv1HFOnu','사용자20','user@test.com',0,1,'ROLE_USER',to_timestamp('21/06/09 10:43:32.000000000','RR/MM/DD HH24:MI:SSXFF'),to_timestamp('21/06/10 12:39:30.833000000','RR/MM/DD HH24:MI:SSXFF'));
Insert into XE.TBL_MEMBER (USER_ID,USER_PW,USER_NAME,EMAIL,POINT,ENABLED,LEVELS,REG_DATE,UPDATE_DATE) values ('user21','$2a$10$JHnVV2eSt5fLxC8yTNaQxeifHeQLge6aU4ou7iGciIXQXUKpzGHWG','사용자21','user@test.com',0,1,'ROLE_USER',to_timestamp('21/06/09 10:43:33.000000000','RR/MM/DD HH24:MI:SSXFF'),to_timestamp('21/06/10 12:39:30.746000000','RR/MM/DD HH24:MI:SSXFF'));
Insert into XE.TBL_MEMBER (USER_ID,USER_PW,USER_NAME,EMAIL,POINT,ENABLED,LEVELS,REG_DATE,UPDATE_DATE) values ('user24','$2a$10$SN7hcCwFsBxjVzLVGWN5cOApRUAtuS1YBA3S7Yq0x3oKmmhx/BNjK','사용자24','user@test.com',0,1,'ROLE_USER',to_timestamp('21/06/09 10:43:36.000000000','RR/MM/DD HH24:MI:SSXFF'),to_timestamp('21/06/10 12:39:30.482000000','RR/MM/DD HH24:MI:SSXFF'));
Insert into XE.TBL_MEMBER (USER_ID,USER_PW,USER_NAME,EMAIL,POINT,ENABLED,LEVELS,REG_DATE,UPDATE_DATE) values ('user25','$2a$10$9RjxzW3r3QimusT1fciMD.q8YD3NE1b6.pRebsG/pTvERc/sEYLbu','사용자25','user@test.com',0,1,'ROLE_USER',to_timestamp('21/06/09 10:43:37.000000000','RR/MM/DD HH24:MI:SSXFF'),to_timestamp('21/06/10 12:39:30.392000000','RR/MM/DD HH24:MI:SSXFF'));
Insert into XE.TBL_MEMBER (USER_ID,USER_PW,USER_NAME,EMAIL,POINT,ENABLED,LEVELS,REG_DATE,UPDATE_DATE) values ('user28','$2a$10$s/AdItJO5sp.Cg.vz2k69O8mXq09reNudEif.pln9zAiOfWvGF65C','사용자28','user@test.com',0,1,'ROLE_USER',to_timestamp('21/06/09 10:43:40.000000000','RR/MM/DD HH24:MI:SSXFF'),to_timestamp('21/06/10 12:39:30.126000000','RR/MM/DD HH24:MI:SSXFF'));
Insert into XE.TBL_MEMBER (USER_ID,USER_PW,USER_NAME,EMAIL,POINT,ENABLED,LEVELS,REG_DATE,UPDATE_DATE) values ('user29','$2a$10$OOiCHOe.wCtKHhoDI/S3CeeqrTVd/JruXtVoBS8dvi4QqM8rGpAHy','사용자29','user@test.com',0,1,'ROLE_USER',to_timestamp('21/06/09 10:43:41.000000000','RR/MM/DD HH24:MI:SSXFF'),to_timestamp('21/06/10 12:39:30.038000000','RR/MM/DD HH24:MI:SSXFF'));
Insert into XE.TBL_MEMBER (USER_ID,USER_PW,USER_NAME,EMAIL,POINT,ENABLED,LEVELS,REG_DATE,UPDATE_DATE) values ('user32','$2a$10$i3KCihtHplmIUlHNXrTRveu.Fw0UQG8h13KQRSC7aKQ6C/NGRAUnm','사용자32','user@test.com',0,1,'ROLE_USER',to_timestamp('21/06/09 10:43:44.000000000','RR/MM/DD HH24:MI:SSXFF'),to_timestamp('21/06/10 12:39:29.771000000','RR/MM/DD HH24:MI:SSXFF'));
Insert into XE.TBL_MEMBER (USER_ID,USER_PW,USER_NAME,EMAIL,POINT,ENABLED,LEVELS,REG_DATE,UPDATE_DATE) values ('user33','$2a$10$rM1PlkyKWanQt43N7kM8FOaV5eOAZhcjVkY/Hdgc0sypEk42lzy6K','사용자33','user@test.com',0,1,'ROLE_USER',to_timestamp('21/06/09 10:43:45.000000000','RR/MM/DD HH24:MI:SSXFF'),to_timestamp('21/06/10 12:39:29.683000000','RR/MM/DD HH24:MI:SSXFF'));
Insert into XE.TBL_MEMBER (USER_ID,USER_PW,USER_NAME,EMAIL,POINT,ENABLED,LEVELS,REG_DATE,UPDATE_DATE) values ('user36','$2a$10$7TQUr3nFw.J3JHuzHEEiiuiY1TBDugHrgQnU6oEIOTCdSY07Y85v6','사용자36','user@test.com',0,1,'ROLE_USER',to_timestamp('21/06/09 10:43:48.000000000','RR/MM/DD HH24:MI:SSXFF'),to_timestamp('21/06/10 12:39:29.416000000','RR/MM/DD HH24:MI:SSXFF'));
Insert into XE.TBL_MEMBER (USER_ID,USER_PW,USER_NAME,EMAIL,POINT,ENABLED,LEVELS,REG_DATE,UPDATE_DATE) values ('user37','$2a$10$ZPIepuPhhIdoNKJzS9IC4eTEOgBMuCVbovKJ8toGrTueuoOHEOPky','사용자37','user@test.com',0,1,'ROLE_USER',to_timestamp('21/06/09 10:43:49.000000000','RR/MM/DD HH24:MI:SSXFF'),to_timestamp('21/06/10 12:39:29.325000000','RR/MM/DD HH24:MI:SSXFF'));
Insert into XE.TBL_MEMBER (USER_ID,USER_PW,USER_NAME,EMAIL,POINT,ENABLED,LEVELS,REG_DATE,UPDATE_DATE) values ('user40','$2a$10$Pj2J78qJ3ONVvhinNJH.QexexVIO1N9.2XFgh8T.0Sup33/btlBKC','사용자40','user@test.com',0,1,'ROLE_USER',to_timestamp('21/06/09 10:43:52.000000000','RR/MM/DD HH24:MI:SSXFF'),to_timestamp('21/06/10 12:39:29.056000000','RR/MM/DD HH24:MI:SSXFF'));
Insert into XE.TBL_MEMBER (USER_ID,USER_PW,USER_NAME,EMAIL,POINT,ENABLED,LEVELS,REG_DATE,UPDATE_DATE) values ('user41','$2a$10$E/VQ27jEvDoDXj3CtUHyT.V6oOyWFqLUQyJKJUgnB94EilHpzx3IO','사용자41','user@test.com',0,1,'ROLE_USER',to_timestamp('21/06/09 10:43:53.000000000','RR/MM/DD HH24:MI:SSXFF'),to_timestamp('21/06/10 12:39:28.967000000','RR/MM/DD HH24:MI:SSXFF'));
Insert into XE.TBL_MEMBER (USER_ID,USER_PW,USER_NAME,EMAIL,POINT,ENABLED,LEVELS,REG_DATE,UPDATE_DATE) values ('user43','$2a$10$vNC5sjAptXoYuIvzhJoQi.RYYQlk4CIQSYspat9s6lrbg5GE1ypgG','사용자43','user@test.com',0,1,'ROLE_USER',to_timestamp('21/06/09 10:43:55.000000000','RR/MM/DD HH24:MI:SSXFF'),to_timestamp('21/06/10 12:39:28.788000000','RR/MM/DD HH24:MI:SSXFF'));
Insert into XE.TBL_MEMBER (USER_ID,USER_PW,USER_NAME,EMAIL,POINT,ENABLED,LEVELS,REG_DATE,UPDATE_DATE) values ('user45','$2a$10$F694stQGXEKhqAnct.VniOqOjicVSSiCE3Ii4G3iWyTAg2FuUtfQq','사용자45','user@test.com',0,1,'ROLE_USER',to_timestamp('21/06/09 10:43:57.000000000','RR/MM/DD HH24:MI:SSXFF'),to_timestamp('21/06/10 12:39:28.609000000','RR/MM/DD HH24:MI:SSXFF'));
Insert into XE.TBL_MEMBER (USER_ID,USER_PW,USER_NAME,EMAIL,POINT,ENABLED,LEVELS,REG_DATE,UPDATE_DATE) values ('user47','$2a$10$5WDcK4B4m0QJhrEJDXAq0eD//6/0VffREFoW8DdWq/dhVHq2sEcoa','사용자47','user@test.com',0,1,'ROLE_USER',to_timestamp('21/06/09 10:43:59.000000000','RR/MM/DD HH24:MI:SSXFF'),to_timestamp('21/06/10 12:39:28.425000000','RR/MM/DD HH24:MI:SSXFF'));
Insert into XE.TBL_MEMBER (USER_ID,USER_PW,USER_NAME,EMAIL,POINT,ENABLED,LEVELS,REG_DATE,UPDATE_DATE) values ('user49','$2a$10$0f6dCOEoa5omDDfs5tUyye/C1HE6wnIyKi4zxa5qrfNM/vABLaYs2','사용자49','user@test.com',0,1,'ROLE_USER',to_timestamp('21/06/09 10:44:01.000000000','RR/MM/DD HH24:MI:SSXFF'),to_timestamp('21/06/10 12:39:28.246000000','RR/MM/DD HH24:MI:SSXFF'));
Insert into XE.TBL_MEMBER (USER_ID,USER_PW,USER_NAME,EMAIL,POINT,ENABLED,LEVELS,REG_DATE,UPDATE_DATE) values ('user51','$2a$10$gdWje8KrjvTPTzPezPekEu8hcKU2.FS99z6WT2zpVUfmpKuAlvQdy','사용자51','user@test.com',0,1,'ROLE_USER',to_timestamp('21/06/09 10:44:03.000000000','RR/MM/DD HH24:MI:SSXFF'),to_timestamp('21/06/10 12:39:28.066000000','RR/MM/DD HH24:MI:SSXFF'));
Insert into XE.TBL_MEMBER (USER_ID,USER_PW,USER_NAME,EMAIL,POINT,ENABLED,LEVELS,REG_DATE,UPDATE_DATE) values ('user53','$2a$10$d/AExUYwbaas98qqwhmm1O7uGKkF1h3K3QlK7bUSibRu2Hw5vk.NO','사용자53','user@test.com',0,1,'ROLE_USER',to_timestamp('21/06/09 10:44:05.000000000','RR/MM/DD HH24:MI:SSXFF'),to_timestamp('21/06/10 12:39:27.887000000','RR/MM/DD HH24:MI:SSXFF'));
Insert into XE.TBL_MEMBER (USER_ID,USER_PW,USER_NAME,EMAIL,POINT,ENABLED,LEVELS,REG_DATE,UPDATE_DATE) values ('user55','$2a$10$28.6d5K6hiwMNAmBhd9XXuI4AlcibtEWgP2LTOL7N1la1numBQBjS','사용자55','user@test.com',0,1,'ROLE_USER',to_timestamp('21/06/09 10:44:07.000000000','RR/MM/DD HH24:MI:SSXFF'),to_timestamp('21/06/10 12:39:27.700000000','RR/MM/DD HH24:MI:SSXFF'));
Insert into XE.TBL_MEMBER (USER_ID,USER_PW,USER_NAME,EMAIL,POINT,ENABLED,LEVELS,REG_DATE,UPDATE_DATE) values ('user57','$2a$10$Opxyf9faJ603V1pzpgoAZOnzE7Frz8ZLLu5Gh4NCvk4d6ibElDNpa','사용자57','user@test.com',0,1,'ROLE_USER',to_timestamp('21/06/09 10:44:09.000000000','RR/MM/DD HH24:MI:SSXFF'),to_timestamp('21/06/10 12:39:27.523000000','RR/MM/DD HH24:MI:SSXFF'));
Insert into XE.TBL_MEMBER (USER_ID,USER_PW,USER_NAME,EMAIL,POINT,ENABLED,LEVELS,REG_DATE,UPDATE_DATE) values ('user59','$2a$10$pS4reliSet2mAbNZYaxr5usx5UYGgB1F7cWhlxEEM3t2TvYSclevW','사용자59','user@test.com',0,1,'ROLE_USER',to_timestamp('21/06/09 10:44:11.000000000','RR/MM/DD HH24:MI:SSXFF'),to_timestamp('21/06/10 12:39:27.342000000','RR/MM/DD HH24:MI:SSXFF'));
Insert into XE.TBL_MEMBER (USER_ID,USER_PW,USER_NAME,EMAIL,POINT,ENABLED,LEVELS,REG_DATE,UPDATE_DATE) values ('user61','$2a$10$/CBiCKTpK1UzEepUZTc4gORyecNdgMrKoFZ6/LIlNFcEKZIEHTdXO','사용자61','user@test.com',0,1,'ROLE_USER',to_timestamp('21/06/09 10:44:13.000000000','RR/MM/DD HH24:MI:SSXFF'),to_timestamp('21/06/10 12:39:27.163000000','RR/MM/DD HH24:MI:SSXFF'));
Insert into XE.TBL_MEMBER (USER_ID,USER_PW,USER_NAME,EMAIL,POINT,ENABLED,LEVELS,REG_DATE,UPDATE_DATE) values ('user62','$2a$10$/DAnZuUjtk/xrDxrYQPhEOv0jLVuIpXc29nd5FLjlexPVHYr5qUTK','사용자62','user@test.com',0,1,'ROLE_USER',to_timestamp('21/06/09 10:44:14.000000000','RR/MM/DD HH24:MI:SSXFF'),to_timestamp('21/06/10 12:39:27.072000000','RR/MM/DD HH24:MI:SSXFF'));
Insert into XE.TBL_MEMBER (USER_ID,USER_PW,USER_NAME,EMAIL,POINT,ENABLED,LEVELS,REG_DATE,UPDATE_DATE) values ('user65','$2a$10$ac9Yd10isiY6OqZwzG09G.1nPU8937sBEVOhmIYXzVrnQJqWL7pRu','사용자65','user@test.com',0,1,'ROLE_USER',to_timestamp('21/06/09 10:44:17.000000000','RR/MM/DD HH24:MI:SSXFF'),to_timestamp('21/06/10 12:39:26.805000000','RR/MM/DD HH24:MI:SSXFF'));
Insert into XE.TBL_MEMBER (USER_ID,USER_PW,USER_NAME,EMAIL,POINT,ENABLED,LEVELS,REG_DATE,UPDATE_DATE) values ('user66','$2a$10$TG8nSEK6iHRscfco8JX6mORf/E2Nawu.YpbmOg.ExDzZT1F5B36/W','사용자66','user@test.com',0,1,'ROLE_USER',to_timestamp('21/06/09 10:44:18.000000000','RR/MM/DD HH24:MI:SSXFF'),to_timestamp('21/06/10 12:39:26.716000000','RR/MM/DD HH24:MI:SSXFF'));
Insert into XE.TBL_MEMBER (USER_ID,USER_PW,USER_NAME,EMAIL,POINT,ENABLED,LEVELS,REG_DATE,UPDATE_DATE) values ('user69','$2a$10$VMSyg6gsnSlGC5qMJ6hzxetFOXgnTn6viV1kXgUAR3u7RcD0S4sJu','사용자69','user@test.com',0,1,'ROLE_USER',to_timestamp('21/06/09 10:44:21.000000000','RR/MM/DD HH24:MI:SSXFF'),to_timestamp('21/06/10 12:39:26.446000000','RR/MM/DD HH24:MI:SSXFF'));
Insert into XE.TBL_MEMBER (USER_ID,USER_PW,USER_NAME,EMAIL,POINT,ENABLED,LEVELS,REG_DATE,UPDATE_DATE) values ('user70','$2a$10$JnU1cppaZ0sUBnC8/Cpd/OtYzvgur8/RfHNQ1wr8LsOEPM929O5KC','사용자70','user@test.com',0,1,'ROLE_USER',to_timestamp('21/06/09 10:44:22.000000000','RR/MM/DD HH24:MI:SSXFF'),to_timestamp('21/06/10 12:39:26.355000000','RR/MM/DD HH24:MI:SSXFF'));
Insert into XE.TBL_MEMBER (USER_ID,USER_PW,USER_NAME,EMAIL,POINT,ENABLED,LEVELS,REG_DATE,UPDATE_DATE) values ('user73','$2a$10$vCg3Vf2aKVIq9m6SrmSAnu/72fnoWHwccNwEd4zI6vv08a4nJ8A1m','사용자73','user@test.com',0,1,'ROLE_USER',to_timestamp('21/06/09 10:44:25.000000000','RR/MM/DD HH24:MI:SSXFF'),to_timestamp('21/06/10 12:39:26.085000000','RR/MM/DD HH24:MI:SSXFF'));
Insert into XE.TBL_MEMBER (USER_ID,USER_PW,USER_NAME,EMAIL,POINT,ENABLED,LEVELS,REG_DATE,UPDATE_DATE) values ('user74','$2a$10$GWmnnEwzpwkwvmu0noe9l.wx0hiSzSFfjHvbEF3FGNRjnVCtM7Jau','사용자74','user@test.com',0,1,'ROLE_USER',to_timestamp('21/06/09 10:44:26.000000000','RR/MM/DD HH24:MI:SSXFF'),to_timestamp('21/06/10 12:39:25.996000000','RR/MM/DD HH24:MI:SSXFF'));
Insert into XE.TBL_MEMBER (USER_ID,USER_PW,USER_NAME,EMAIL,POINT,ENABLED,LEVELS,REG_DATE,UPDATE_DATE) values ('user77','$2a$10$TaoPLt6flqiAUKX29SjUF.NoivIo4ZwzFY14HEwZix7evxiKjks3S','사용자77','user@test.com',0,1,'ROLE_USER',to_timestamp('21/06/09 10:44:29.000000000','RR/MM/DD HH24:MI:SSXFF'),to_timestamp('21/06/10 12:39:25.725000000','RR/MM/DD HH24:MI:SSXFF'));
Insert into XE.TBL_MEMBER (USER_ID,USER_PW,USER_NAME,EMAIL,POINT,ENABLED,LEVELS,REG_DATE,UPDATE_DATE) values ('user78','$2a$10$yGvOijQOIfm0GrnxY3SI6.u6muhRZT82EOz04cNoK7eUyXPEYFXjS','사용자78','user@test.com',0,1,'ROLE_USER',to_timestamp('21/06/09 10:44:30.000000000','RR/MM/DD HH24:MI:SSXFF'),to_timestamp('21/06/10 12:39:25.636000000','RR/MM/DD HH24:MI:SSXFF'));
Insert into XE.TBL_MEMBER (USER_ID,USER_PW,USER_NAME,EMAIL,POINT,ENABLED,LEVELS,REG_DATE,UPDATE_DATE) values ('user81','$2a$10$uA1SR.2xL1.FK5Zi009af.ALoBnW5q7ZLsgXGf6m4lCHDFvsuJPiu','사용자81','user@test.com',0,1,'ROLE_USER',to_timestamp('21/06/09 10:44:33.000000000','RR/MM/DD HH24:MI:SSXFF'),to_timestamp('21/06/10 12:39:25.364000000','RR/MM/DD HH24:MI:SSXFF'));
Insert into XE.TBL_MEMBER (USER_ID,USER_PW,USER_NAME,EMAIL,POINT,ENABLED,LEVELS,REG_DATE,UPDATE_DATE) values ('user82','$2a$10$zTVa9Z8m1APGd/hhbKf1GeoXM95RpxgRX9c9DEcqfzeBh8mmAao4.','사용자82','user@test.com',0,1,'ROLE_USER',to_timestamp('21/06/09 10:44:34.000000000','RR/MM/DD HH24:MI:SSXFF'),to_timestamp('21/06/10 12:39:25.271000000','RR/MM/DD HH24:MI:SSXFF'));
Insert into XE.TBL_MEMBER (USER_ID,USER_PW,USER_NAME,EMAIL,POINT,ENABLED,LEVELS,REG_DATE,UPDATE_DATE) values ('user84','$2a$10$oA59EhGfull8BNdLWUakKely.Q2SQXJZOglkZs4SI9XYzWR4pyrHa','사용자84','user@test.com',0,1,'ROLE_USER',to_timestamp('21/06/09 10:44:36.000000000','RR/MM/DD HH24:MI:SSXFF'),to_timestamp('21/06/10 12:39:25.086000000','RR/MM/DD HH24:MI:SSXFF'));
Insert into XE.TBL_MEMBER (USER_ID,USER_PW,USER_NAME,EMAIL,POINT,ENABLED,LEVELS,REG_DATE,UPDATE_DATE) values ('user86','$2a$10$v5YC0wcRAzsgaDjYAoYUuufPckQ6/YUWzo8YVf.fNrG12xRWQnpZK','사용자86','user@test.com',0,1,'ROLE_USER',to_timestamp('21/06/09 10:44:38.000000000','RR/MM/DD HH24:MI:SSXFF'),to_timestamp('21/06/10 12:39:24.906000000','RR/MM/DD HH24:MI:SSXFF'));
Insert into XE.TBL_MEMBER (USER_ID,USER_PW,USER_NAME,EMAIL,POINT,ENABLED,LEVELS,REG_DATE,UPDATE_DATE) values ('user87','$2a$10$R6G86bCq1eiRaiyFM.dRNewx/2tWtjWjh9YQlRSJBBM6BHUoVHT/O','사용자87','user@test.com',0,1,'ROLE_USER',to_timestamp('21/06/09 10:44:39.000000000','RR/MM/DD HH24:MI:SSXFF'),to_timestamp('21/06/10 12:39:24.813000000','RR/MM/DD HH24:MI:SSXFF'));
Insert into XE.TBL_MEMBER (USER_ID,USER_PW,USER_NAME,EMAIL,POINT,ENABLED,LEVELS,REG_DATE,UPDATE_DATE) values ('user88','$2a$10$q/ObwXUMZ4z3diABcuRlP.Ux.pkjy/eCQAZ/PrQUqpwsisxIzjQYq','사용자88','user@test.com',0,1,'ROLE_USER',to_timestamp('21/06/09 10:44:40.000000000','RR/MM/DD HH24:MI:SSXFF'),to_timestamp('21/06/10 12:39:24.717000000','RR/MM/DD HH24:MI:SSXFF'));
Insert into XE.TBL_MEMBER (USER_ID,USER_PW,USER_NAME,EMAIL,POINT,ENABLED,LEVELS,REG_DATE,UPDATE_DATE) values ('user89','$2a$10$0JgSE5m3oWgIPVIDASKl1.O5TGlSdn5btqBqNzFUa99w8sECFLJkC','사용자89','user@test.com',0,1,'ROLE_USER',to_timestamp('21/06/09 10:44:41.000000000','RR/MM/DD HH24:MI:SSXFF'),to_timestamp('21/06/10 12:39:24.625000000','RR/MM/DD HH24:MI:SSXFF'));
Insert into XE.TBL_MEMBER (USER_ID,USER_PW,USER_NAME,EMAIL,POINT,ENABLED,LEVELS,REG_DATE,UPDATE_DATE) values ('user90','$2a$10$3GDWHd45FNOp8RcyXwIPOuM7nAJcJyrrtzZ7jcTNVHNaXz76nl50y','사용자90','user@test.com',0,1,'ROLE_USER',to_timestamp('21/06/09 10:44:42.000000000','RR/MM/DD HH24:MI:SSXFF'),to_timestamp('21/06/10 12:39:24.534000000','RR/MM/DD HH24:MI:SSXFF'));
Insert into XE.TBL_MEMBER (USER_ID,USER_PW,USER_NAME,EMAIL,POINT,ENABLED,LEVELS,REG_DATE,UPDATE_DATE) values ('user91','$2a$10$HTlSK624HgsJf2LI3H8douQ16QUxEg5gfjwVbAbmTKuVVue6Zb1fu','사용자91','user@test.com',0,1,'ROLE_USER',to_timestamp('21/06/09 10:44:43.000000000','RR/MM/DD HH24:MI:SSXFF'),to_timestamp('21/06/10 12:39:24.443000000','RR/MM/DD HH24:MI:SSXFF'));
Insert into XE.TBL_MEMBER (USER_ID,USER_PW,USER_NAME,EMAIL,POINT,ENABLED,LEVELS,REG_DATE,UPDATE_DATE) values ('user92','$2a$10$ioqe4Pqmi5VzU77LUe3hoOf40Ax3q6z23mDuSWt3HF.tJAI/MHwXm','사용자92','user@test.com',0,1,'ROLE_USER',to_timestamp('21/06/09 10:44:44.000000000','RR/MM/DD HH24:MI:SSXFF'),to_timestamp('21/06/10 12:39:24.352000000','RR/MM/DD HH24:MI:SSXFF'));
Insert into XE.TBL_MEMBER (USER_ID,USER_PW,USER_NAME,EMAIL,POINT,ENABLED,LEVELS,REG_DATE,UPDATE_DATE) values ('user93','$2a$10$EeywLOj9sBHKphKJdJyPauzDyWv5L5CufCexxAtss4w3PtMNBHUB2','사용자93','user@test.com',0,1,'ROLE_USER',to_timestamp('21/06/09 10:44:45.000000000','RR/MM/DD HH24:MI:SSXFF'),to_timestamp('21/06/10 12:39:24.261000000','RR/MM/DD HH24:MI:SSXFF'));
Insert into XE.TBL_MEMBER (USER_ID,USER_PW,USER_NAME,EMAIL,POINT,ENABLED,LEVELS,REG_DATE,UPDATE_DATE) values ('user94','$2a$10$XiSL.JEUEobO9RCrO9vkYefP7OmtxCIq7sdCdvlF29bREebJx.6Pa','사용자94','user@test.com',0,1,'ROLE_USER',to_timestamp('21/06/09 10:44:46.000000000','RR/MM/DD HH24:MI:SSXFF'),to_timestamp('21/06/10 12:39:24.173000000','RR/MM/DD HH24:MI:SSXFF'));
Insert into XE.TBL_MEMBER (USER_ID,USER_PW,USER_NAME,EMAIL,POINT,ENABLED,LEVELS,REG_DATE,UPDATE_DATE) values ('user95','$2a$10$7lJ8y.gRnWK/BXPg5GpoDO/gBS4akAVC5Exqhcvbr1Foz7ciFhSTS','사용자95','user@test.com',0,1,'ROLE_USER',to_timestamp('21/06/09 10:44:47.000000000','RR/MM/DD HH24:MI:SSXFF'),to_timestamp('21/06/10 12:39:24.079000000','RR/MM/DD HH24:MI:SSXFF'));
Insert into XE.TBL_MEMBER (USER_ID,USER_PW,USER_NAME,EMAIL,POINT,ENABLED,LEVELS,REG_DATE,UPDATE_DATE) values ('user96','$2a$10$1qh6aVLvWyLAbNkiQVBe6uHF5EWX3.r6Le98r8Lbaqzqggi7z.DzG','사용자96','user@test.com',0,1,'ROLE_USER',to_timestamp('21/06/09 10:44:48.000000000','RR/MM/DD HH24:MI:SSXFF'),to_timestamp('21/06/10 12:39:23.989000000','RR/MM/DD HH24:MI:SSXFF'));
Insert into XE.TBL_MEMBER (USER_ID,USER_PW,USER_NAME,EMAIL,POINT,ENABLED,LEVELS,REG_DATE,UPDATE_DATE) values ('user97','$2a$10$EyD9kdGAynyE49ETE9a/auPcskZ0D/j7bsx7hunZ7AxCOqGIcX6rK','사용자97','user@test.com',0,1,'ROLE_USER',to_timestamp('21/06/09 10:44:49.000000000','RR/MM/DD HH24:MI:SSXFF'),to_timestamp('21/06/10 12:39:23.897000000','RR/MM/DD HH24:MI:SSXFF'));
Insert into XE.TBL_MEMBER (USER_ID,USER_PW,USER_NAME,EMAIL,POINT,ENABLED,LEVELS,REG_DATE,UPDATE_DATE) values ('user98','$2a$10$uAQxfIr45S2vubSkZljNV.lLMk5qBirMC4pnjfUJwzAOZy8mCIUqu','사용자98','user@test.com',0,1,'ROLE_USER',to_timestamp('21/06/09 10:44:50.000000000','RR/MM/DD HH24:MI:SSXFF'),to_timestamp('21/06/10 12:39:23.805000000','RR/MM/DD HH24:MI:SSXFF'));
Insert into XE.TBL_MEMBER (USER_ID,USER_PW,USER_NAME,EMAIL,POINT,ENABLED,LEVELS,REG_DATE,UPDATE_DATE) values ('user85','$2a$10$wZ8dupLJy0Nb8OYwjnJzQO65XydAwsRrBUFaYWUldQa5lbwf2UxUu','사용자85','user@test.com',0,1,'ROLE_USER',to_timestamp('21/06/09 10:44:37.000000000','RR/MM/DD HH24:MI:SSXFF'),to_timestamp('21/06/10 12:39:24.996000000','RR/MM/DD HH24:MI:SSXFF'));
Insert into XE.TBL_MEMBER (USER_ID,USER_PW,USER_NAME,EMAIL,POINT,ENABLED,LEVELS,REG_DATE,UPDATE_DATE) values ('user83','$2a$10$oR4f70rxdXi8TjgmmUcSdOvnMn7fysFv1phGL75xNb4ewjtpPXgo.','사용자83','user@test.com',0,1,'ROLE_USER',to_timestamp('21/06/09 10:44:35.000000000','RR/MM/DD HH24:MI:SSXFF'),to_timestamp('21/06/10 12:39:25.180000000','RR/MM/DD HH24:MI:SSXFF'));
Insert into XE.TBL_MEMBER (USER_ID,USER_PW,USER_NAME,EMAIL,POINT,ENABLED,LEVELS,REG_DATE,UPDATE_DATE) values ('user80','$2a$10$8m6Oo1OupmZMfIr2iuxUr.Tl7vEikeqOGYSU0jOIsfAggPq2Od68W','사용자80','user@test.com',0,1,'ROLE_USER',to_timestamp('21/06/09 10:44:32.000000000','RR/MM/DD HH24:MI:SSXFF'),to_timestamp('21/06/10 12:39:25.457000000','RR/MM/DD HH24:MI:SSXFF'));
Insert into XE.TBL_MEMBER (USER_ID,USER_PW,USER_NAME,EMAIL,POINT,ENABLED,LEVELS,REG_DATE,UPDATE_DATE) values ('user79','$2a$10$YwMik0VZSzVAsDJMILYcbOdy9ZG0O7cBLcQobMGUf9CUjBE5ED/Y2','사용자79','user@test.com',0,1,'ROLE_USER',to_timestamp('21/06/09 10:44:31.000000000','RR/MM/DD HH24:MI:SSXFF'),to_timestamp('21/06/10 12:39:25.547000000','RR/MM/DD HH24:MI:SSXFF'));
Insert into XE.TBL_MEMBER (USER_ID,USER_PW,USER_NAME,EMAIL,POINT,ENABLED,LEVELS,REG_DATE,UPDATE_DATE) values ('user76','$2a$10$J7dgDOm1YhJXZU.1va8ac.4j7JL0TrNQU5qBGJeXvWwwwPAkCLO/C','사용자76','user@test.com',0,1,'ROLE_USER',to_timestamp('21/06/09 10:44:28.000000000','RR/MM/DD HH24:MI:SSXFF'),to_timestamp('21/06/10 12:39:25.815000000','RR/MM/DD HH24:MI:SSXFF'));
Insert into XE.TBL_MEMBER (USER_ID,USER_PW,USER_NAME,EMAIL,POINT,ENABLED,LEVELS,REG_DATE,UPDATE_DATE) values ('user75','$2a$10$y1Gkro4LEJ/zMXLs6jf.suANHzSo2LO1bBqw6F.v9xDDA6.JpYx4i','사용자75','user@test.com',0,1,'ROLE_USER',to_timestamp('21/06/09 10:44:27.000000000','RR/MM/DD HH24:MI:SSXFF'),to_timestamp('21/06/10 12:39:25.904000000','RR/MM/DD HH24:MI:SSXFF'));
Insert into XE.TBL_MEMBER (USER_ID,USER_PW,USER_NAME,EMAIL,POINT,ENABLED,LEVELS,REG_DATE,UPDATE_DATE) values ('user72','$2a$10$b2NOE3XQMSyxoiu9QQtAiugyXjTTYceQGiNutjb2gpPW3arLbPaJC','사용자72','user@test.com',0,1,'ROLE_USER',to_timestamp('21/06/09 10:44:24.000000000','RR/MM/DD HH24:MI:SSXFF'),to_timestamp('21/06/10 12:39:26.175000000','RR/MM/DD HH24:MI:SSXFF'));
Insert into XE.TBL_MEMBER (USER_ID,USER_PW,USER_NAME,EMAIL,POINT,ENABLED,LEVELS,REG_DATE,UPDATE_DATE) values ('user71','$2a$10$QyVvmPqPz5k0Bj1ILfvMdOzTcdQyt7jLIy/waHNRZNFadHl2L8RlS','사용자71','user@test.com',0,1,'ROLE_USER',to_timestamp('21/06/09 10:44:23.000000000','RR/MM/DD HH24:MI:SSXFF'),to_timestamp('21/06/10 12:39:26.265000000','RR/MM/DD HH24:MI:SSXFF'));
Insert into XE.TBL_MEMBER (USER_ID,USER_PW,USER_NAME,EMAIL,POINT,ENABLED,LEVELS,REG_DATE,UPDATE_DATE) values ('user68','$2a$10$Dms.w/egn647m.v/WmQqHOIrJGLIYpEd8XqdY4RPFFIyAS7ucLJ12','사용자68','user@test.com',0,1,'ROLE_USER',to_timestamp('21/06/09 10:44:20.000000000','RR/MM/DD HH24:MI:SSXFF'),to_timestamp('21/06/10 12:39:26.537000000','RR/MM/DD HH24:MI:SSXFF'));
Insert into XE.TBL_MEMBER (USER_ID,USER_PW,USER_NAME,EMAIL,POINT,ENABLED,LEVELS,REG_DATE,UPDATE_DATE) values ('user67','$2a$10$cZKD7ajxy71R4ChYnFTHcO7cKkeWvi3dSEGdHm.IrJqB/a7n3lKdO','사용자67','user@test.com',0,1,'ROLE_USER',to_timestamp('21/06/09 10:44:19.000000000','RR/MM/DD HH24:MI:SSXFF'),to_timestamp('21/06/10 12:39:26.626000000','RR/MM/DD HH24:MI:SSXFF'));
Insert into XE.TBL_MEMBER (USER_ID,USER_PW,USER_NAME,EMAIL,POINT,ENABLED,LEVELS,REG_DATE,UPDATE_DATE) values ('user64','$2a$10$iSWVDz8yqIcxlTOPoFaauuByoIfmSe1sPvX0OsRDIMNtPQHwxDJp2','사용자64','user@test.com',0,1,'ROLE_USER',to_timestamp('21/06/09 10:44:16.000000000','RR/MM/DD HH24:MI:SSXFF'),to_timestamp('21/06/10 12:39:26.893000000','RR/MM/DD HH24:MI:SSXFF'));
Insert into XE.TBL_MEMBER (USER_ID,USER_PW,USER_NAME,EMAIL,POINT,ENABLED,LEVELS,REG_DATE,UPDATE_DATE) values ('user63','$2a$10$uVQVg3bfQEmNRUdJpaIO7.WSnctCZnWeaGTPr2x2uIQC494HHx8im','사용자63','user@test.com',0,1,'ROLE_USER',to_timestamp('21/06/09 10:44:15.000000000','RR/MM/DD HH24:MI:SSXFF'),to_timestamp('21/06/10 12:39:26.983000000','RR/MM/DD HH24:MI:SSXFF'));
Insert into XE.TBL_MEMBER (USER_ID,USER_PW,USER_NAME,EMAIL,POINT,ENABLED,LEVELS,REG_DATE,UPDATE_DATE) values ('user60','$2a$10$k0AIL3oMm824QmIrkVi6beH.mO7JKSza84Oe5n26y1q5V/pyHhdeK','사용자60','user@test.com',0,1,'ROLE_USER',to_timestamp('21/06/09 10:44:12.000000000','RR/MM/DD HH24:MI:SSXFF'),to_timestamp('21/06/10 12:39:27.252000000','RR/MM/DD HH24:MI:SSXFF'));
Insert into XE.TBL_MEMBER (USER_ID,USER_PW,USER_NAME,EMAIL,POINT,ENABLED,LEVELS,REG_DATE,UPDATE_DATE) values ('user58','$2a$10$0M48v1.8b0hyh2qq5R3Zt.X73eNlaQ97ZVqdnrA6o2zAQinTka/2C','사용자58','user@test.com',0,1,'ROLE_USER',to_timestamp('21/06/09 10:44:10.000000000','RR/MM/DD HH24:MI:SSXFF'),to_timestamp('21/06/10 12:39:27.429000000','RR/MM/DD HH24:MI:SSXFF'));
Insert into XE.TBL_MEMBER (USER_ID,USER_PW,USER_NAME,EMAIL,POINT,ENABLED,LEVELS,REG_DATE,UPDATE_DATE) values ('user56','$2a$10$bYObzZe3v/JpPwkUU22S0OaF1TAXzaemICzd9h1hYqAewo0DkP5Ru','사용자56','user@test.com',0,1,'ROLE_USER',to_timestamp('21/06/09 10:44:08.000000000','RR/MM/DD HH24:MI:SSXFF'),to_timestamp('21/06/10 12:39:27.611000000','RR/MM/DD HH24:MI:SSXFF'));
Insert into XE.TBL_MEMBER (USER_ID,USER_PW,USER_NAME,EMAIL,POINT,ENABLED,LEVELS,REG_DATE,UPDATE_DATE) values ('user54','$2a$10$HvC/ShXXRf3/Urs15DbBZ.E4KgniZASWPKndo9sBi2JNFuFNzqlXG','사용자54','user@test.com',0,1,'ROLE_USER',to_timestamp('21/06/09 10:44:06.000000000','RR/MM/DD HH24:MI:SSXFF'),to_timestamp('21/06/10 12:39:27.793000000','RR/MM/DD HH24:MI:SSXFF'));
Insert into XE.TBL_MEMBER (USER_ID,USER_PW,USER_NAME,EMAIL,POINT,ENABLED,LEVELS,REG_DATE,UPDATE_DATE) values ('user52','$2a$10$A9GRuhcQ7nkM3QRUeLM6xuiNyOXy6djK2cF.Xt3L6jHDHiwMskfm6','사용자52','user@test.com',0,1,'ROLE_USER',to_timestamp('21/06/09 10:44:04.000000000','RR/MM/DD HH24:MI:SSXFF'),to_timestamp('21/06/10 12:39:27.976000000','RR/MM/DD HH24:MI:SSXFF'));
Insert into XE.TBL_MEMBER (USER_ID,USER_PW,USER_NAME,EMAIL,POINT,ENABLED,LEVELS,REG_DATE,UPDATE_DATE) values ('user50','$2a$10$opOsflN6PWIVTKf0keWQd.5pVySXHlrKkLQB117nYREUT3YKibcqm','사용자50','user@test.com',0,1,'ROLE_USER',to_timestamp('21/06/09 10:44:02.000000000','RR/MM/DD HH24:MI:SSXFF'),to_timestamp('21/06/10 12:39:28.156000000','RR/MM/DD HH24:MI:SSXFF'));
Insert into XE.TBL_MEMBER (USER_ID,USER_PW,USER_NAME,EMAIL,POINT,ENABLED,LEVELS,REG_DATE,UPDATE_DATE) values ('user48','$2a$10$i7IIZ8.vHszmHFzEIk.P8OWVQYVOXIAPVSzlmvkBgUzV0h/CejoEm','사용자48','user@test.com',0,1,'ROLE_USER',to_timestamp('21/06/09 10:44:00.000000000','RR/MM/DD HH24:MI:SSXFF'),to_timestamp('21/06/10 12:39:28.336000000','RR/MM/DD HH24:MI:SSXFF'));
Insert into XE.TBL_MEMBER (USER_ID,USER_PW,USER_NAME,EMAIL,POINT,ENABLED,LEVELS,REG_DATE,UPDATE_DATE) values ('user46','$2a$10$iLw4W0.30k4jXQnSdbozi.2K3w2ppsEdCJ.IjC0Oc4nKi7FVm/iGm','사용자46','user@test.com',0,1,'ROLE_USER',to_timestamp('21/06/09 10:43:58.000000000','RR/MM/DD HH24:MI:SSXFF'),to_timestamp('21/06/10 12:39:28.518000000','RR/MM/DD HH24:MI:SSXFF'));
Insert into XE.TBL_MEMBER (USER_ID,USER_PW,USER_NAME,EMAIL,POINT,ENABLED,LEVELS,REG_DATE,UPDATE_DATE) values ('user44','$2a$10$CK9JEHqCNVFqLCB/vrnrceXgDazWKX9ASIWOztTDQeVN7Ic7rAFwm','사용자44','user@test.com',0,1,'ROLE_USER',to_timestamp('21/06/09 10:43:56.000000000','RR/MM/DD HH24:MI:SSXFF'),to_timestamp('21/06/10 12:39:28.700000000','RR/MM/DD HH24:MI:SSXFF'));
Insert into XE.TBL_MEMBER (USER_ID,USER_PW,USER_NAME,EMAIL,POINT,ENABLED,LEVELS,REG_DATE,UPDATE_DATE) values ('user42','$2a$10$G4e9SoIxq6ZEdVOzf53wUu4eDqFZGG8FZJnv2T/CxmhiT6Z0ShJUe','사용자42','user@test.com',0,1,'ROLE_USER',to_timestamp('21/06/09 10:43:54.000000000','RR/MM/DD HH24:MI:SSXFF'),to_timestamp('21/06/10 12:39:28.879000000','RR/MM/DD HH24:MI:SSXFF'));
Insert into XE.TBL_MEMBER (USER_ID,USER_PW,USER_NAME,EMAIL,POINT,ENABLED,LEVELS,REG_DATE,UPDATE_DATE) values ('user39','$2a$10$XuMgZijXKW0AhSwkwgR5v.PKe9ojiQML1UnpBVs0meyOBdQvIYgu6','사용자39','user@test.com',0,1,'ROLE_USER',to_timestamp('21/06/09 10:43:51.000000000','RR/MM/DD HH24:MI:SSXFF'),to_timestamp('21/06/10 12:39:29.147000000','RR/MM/DD HH24:MI:SSXFF'));
Insert into XE.TBL_MEMBER (USER_ID,USER_PW,USER_NAME,EMAIL,POINT,ENABLED,LEVELS,REG_DATE,UPDATE_DATE) values ('user38','$2a$10$70.ISn5ry5V0LCQbIGUgXuOOZgJLBv4B.kHPKtuQ3gQ8oHmDUKcKO','사용자38','user@test.com',0,1,'ROLE_USER',to_timestamp('21/06/09 10:43:50.000000000','RR/MM/DD HH24:MI:SSXFF'),to_timestamp('21/06/10 12:39:29.235000000','RR/MM/DD HH24:MI:SSXFF'));
Insert into XE.TBL_MEMBER (USER_ID,USER_PW,USER_NAME,EMAIL,POINT,ENABLED,LEVELS,REG_DATE,UPDATE_DATE) values ('user35','$2a$10$1lP2LrZ/ju//7l/GFLcHa.QqlPSGOOSj.RgD0usQJ2qok5FMQTwBC','사용자35','user@test.com',0,1,'ROLE_USER',to_timestamp('21/06/09 10:43:47.000000000','RR/MM/DD HH24:MI:SSXFF'),to_timestamp('21/06/10 12:39:29.502000000','RR/MM/DD HH24:MI:SSXFF'));
Insert into XE.TBL_MEMBER (USER_ID,USER_PW,USER_NAME,EMAIL,POINT,ENABLED,LEVELS,REG_DATE,UPDATE_DATE) values ('user34','$2a$10$sUmuGURFSX/ff00DfGqlS.ughztoXqrkvObhZce6gADhASgFy33KG','사용자34','user@test.com',0,1,'ROLE_USER',to_timestamp('21/06/09 10:43:46.000000000','RR/MM/DD HH24:MI:SSXFF'),to_timestamp('21/06/10 12:39:29.593000000','RR/MM/DD HH24:MI:SSXFF'));
Insert into XE.TBL_MEMBER (USER_ID,USER_PW,USER_NAME,EMAIL,POINT,ENABLED,LEVELS,REG_DATE,UPDATE_DATE) values ('user31','$2a$10$l44dKrzTn.Vbndi7.Fh6RuDI1TpvqJ6Y1eMEbAtolLqbrbwFZk3nu','사용자31','user@test.com',0,1,'ROLE_USER',to_timestamp('21/06/09 10:43:43.000000000','RR/MM/DD HH24:MI:SSXFF'),to_timestamp('21/06/10 12:39:29.862000000','RR/MM/DD HH24:MI:SSXFF'));
Insert into XE.TBL_MEMBER (USER_ID,USER_PW,USER_NAME,EMAIL,POINT,ENABLED,LEVELS,REG_DATE,UPDATE_DATE) values ('user30','$2a$10$t0xzlbraB0WyHprPl26g5OUKeBjnnzVv.fcl1cS1RqySXISG8Atk6','사용자30','user@test.com',0,1,'ROLE_USER',to_timestamp('21/06/09 10:43:42.000000000','RR/MM/DD HH24:MI:SSXFF'),to_timestamp('21/06/10 12:39:29.951000000','RR/MM/DD HH24:MI:SSXFF'));
Insert into XE.TBL_MEMBER (USER_ID,USER_PW,USER_NAME,EMAIL,POINT,ENABLED,LEVELS,REG_DATE,UPDATE_DATE) values ('user27','$2a$10$LUcY6lFBR/a/knn5FcxAxOIxjVc9CCXjY7iSJnNbGIYmeXb1nn.Au','사용자27','user@test.com',0,1,'ROLE_USER',to_timestamp('21/06/09 10:43:39.000000000','RR/MM/DD HH24:MI:SSXFF'),to_timestamp('21/06/10 12:39:30.213000000','RR/MM/DD HH24:MI:SSXFF'));
Insert into XE.TBL_MEMBER (USER_ID,USER_PW,USER_NAME,EMAIL,POINT,ENABLED,LEVELS,REG_DATE,UPDATE_DATE) values ('user26','$2a$10$7gHjTHuwBM20K5N1.QzCFuzRNC1.cQPVcQ8Po7jn33q379FGxLBvC','사용자26','user@test.com',0,1,'ROLE_USER',to_timestamp('21/06/09 10:43:38.000000000','RR/MM/DD HH24:MI:SSXFF'),to_timestamp('21/06/10 12:39:30.302000000','RR/MM/DD HH24:MI:SSXFF'));
Insert into XE.TBL_MEMBER (USER_ID,USER_PW,USER_NAME,EMAIL,POINT,ENABLED,LEVELS,REG_DATE,UPDATE_DATE) values ('user23','$2a$10$LvNOQI98/JjlXlf1msBtP.TAjOBi/GN4YSIMoKl66C2gUeXTvOuPi','사용자23','user@test.com',0,1,'ROLE_USER',to_timestamp('21/06/09 10:43:35.000000000','RR/MM/DD HH24:MI:SSXFF'),to_timestamp('21/06/10 12:39:30.569000000','RR/MM/DD HH24:MI:SSXFF'));
Insert into XE.TBL_MEMBER (USER_ID,USER_PW,USER_NAME,EMAIL,POINT,ENABLED,LEVELS,REG_DATE,UPDATE_DATE) values ('user22','$2a$10$R4MXaoU5F/k3mut4oLSs.OeOHhmfiCGNzbavzzUDVd6Lc.D.PIlGe','사용자22','user@test.com',0,1,'ROLE_USER',to_timestamp('21/06/09 10:43:34.000000000','RR/MM/DD HH24:MI:SSXFF'),to_timestamp('21/06/10 12:39:30.656000000','RR/MM/DD HH24:MI:SSXFF'));
Insert into XE.TBL_MEMBER (USER_ID,USER_PW,USER_NAME,EMAIL,POINT,ENABLED,LEVELS,REG_DATE,UPDATE_DATE) values ('user19','$2a$10$BVi0LONeAjIfZ2.JzmdI6OhE..9xsivwIwhxuhgEeyJiqyw.I2JDG','사용자19','user@test.com',0,1,'ROLE_USER',to_timestamp('21/06/09 10:43:31.000000000','RR/MM/DD HH24:MI:SSXFF'),to_timestamp('21/06/10 12:39:30.921000000','RR/MM/DD HH24:MI:SSXFF'));
Insert into XE.TBL_MEMBER (USER_ID,USER_PW,USER_NAME,EMAIL,POINT,ENABLED,LEVELS,REG_DATE,UPDATE_DATE) values ('user17','$2a$10$PnkHwnxhwUjGbdPltd6npOQnad.BLwb6DRm/lU3fquuQgO0WZ8a2G','사용자17','user@test.com',0,1,'ROLE_USER',to_timestamp('21/06/09 10:43:29.000000000','RR/MM/DD HH24:MI:SSXFF'),to_timestamp('21/06/10 12:39:31.104000000','RR/MM/DD HH24:MI:SSXFF'));
Insert into XE.TBL_MEMBER (USER_ID,USER_PW,USER_NAME,EMAIL,POINT,ENABLED,LEVELS,REG_DATE,UPDATE_DATE) values ('user15','$2a$10$ic9kpQty7meVjhkmQoXng.i6Ab2eeRhZWm7p96pwNL8eSRo3CMOl2','사용자15','user@test.com',0,1,'ROLE_USER',to_timestamp('21/06/09 10:43:27.000000000','RR/MM/DD HH24:MI:SSXFF'),to_timestamp('21/06/10 12:39:31.352000000','RR/MM/DD HH24:MI:SSXFF'));
Insert into XE.TBL_MEMBER (USER_ID,USER_PW,USER_NAME,EMAIL,POINT,ENABLED,LEVELS,REG_DATE,UPDATE_DATE) values ('user13','$2a$10$PrEZCSFKfUPA9yda.Qbe7eWKF/G66ZQJd78ofl49CEk5BO0mn8GGa','사용자13','user@test.com',0,1,'ROLE_USER',to_timestamp('21/06/09 10:43:25.000000000','RR/MM/DD HH24:MI:SSXFF'),to_timestamp('21/06/10 12:39:31.549000000','RR/MM/DD HH24:MI:SSXFF'));
Insert into XE.TBL_MEMBER (USER_ID,USER_PW,USER_NAME,EMAIL,POINT,ENABLED,LEVELS,REG_DATE,UPDATE_DATE) values ('user11','$2a$10$L7h884BrA8Vrlq/NboKo0uDMXCgxA5Ff.1Sd6.vhdyVW5zCzw7kRO','사용자11','user@test.com',0,1,'ROLE_USER',to_timestamp('21/06/09 10:43:23.000000000','RR/MM/DD HH24:MI:SSXFF'),to_timestamp('21/06/10 12:39:31.747000000','RR/MM/DD HH24:MI:SSXFF'));
Insert into XE.TBL_MEMBER (USER_ID,USER_PW,USER_NAME,EMAIL,POINT,ENABLED,LEVELS,REG_DATE,UPDATE_DATE) values ('user9','$2a$10$KvlvpWw6rmdAlSAyN4neIOfyRn.kZeBFC6ozUrZ3kIU/HU4U3m0au','사용자9','user@test.com',0,1,'ROLE_USER',to_timestamp('21/06/09 10:43:21.000000000','RR/MM/DD HH24:MI:SSXFF'),to_timestamp('21/06/10 12:39:32.058000000','RR/MM/DD HH24:MI:SSXFF'));
Insert into XE.TBL_MEMBER (USER_ID,USER_PW,USER_NAME,EMAIL,POINT,ENABLED,LEVELS,REG_DATE,UPDATE_DATE) values ('user7','$2a$10$JxWOMcGZcwIyR5e25nEIFuPFtW1RJad.mU1gv3zxYunCqh2XsAVg.','사용자7','user@test.com',0,1,'ROLE_USER',to_timestamp('21/06/09 10:43:19.000000000','RR/MM/DD HH24:MI:SSXFF'),to_timestamp('21/06/10 12:39:32.237000000','RR/MM/DD HH24:MI:SSXFF'));
Insert into XE.TBL_MEMBER (USER_ID,USER_PW,USER_NAME,EMAIL,POINT,ENABLED,LEVELS,REG_DATE,UPDATE_DATE) values ('user5','$2a$10$im7Xt1NlqUspPjxf3ejJzO6UwKQL0YsnzXYqRB8yezzw/c7ZiY0Oy','사용자5','user@test.com',0,1,'ROLE_USER',to_timestamp('21/06/09 10:43:17.000000000','RR/MM/DD HH24:MI:SSXFF'),to_timestamp('21/06/10 12:39:32.415000000','RR/MM/DD HH24:MI:SSXFF'));
Insert into XE.TBL_MEMBER (USER_ID,USER_PW,USER_NAME,EMAIL,POINT,ENABLED,LEVELS,REG_DATE,UPDATE_DATE) values ('user3','$2a$10$Vbv0o1g02KnTpbi.4ZR7P.UiA5DosLtaXqaAKx.ON4LaKom4ge1qK','사용자3','user@test.com',0,1,'ROLE_USER',to_timestamp('21/06/09 10:43:15.000000000','RR/MM/DD HH24:MI:SSXFF'),to_timestamp('21/06/10 12:39:32.599000000','RR/MM/DD HH24:MI:SSXFF'));
Insert into XE.TBL_MEMBER (USER_ID,USER_PW,USER_NAME,EMAIL,POINT,ENABLED,LEVELS,REG_DATE,UPDATE_DATE) values ('user1','$2a$10$zlfspPCGH0nMSiAEDJTJrO6myPE7.nCtrf4t8L6tyk382p21R0SyK','사용자1','user@test.com',0,1,'ROLE_USER',to_timestamp('21/06/09 10:43:13.000000000','RR/MM/DD HH24:MI:SSXFF'),to_timestamp('21/06/10 12:39:32.773000000','RR/MM/DD HH24:MI:SSXFF'));
Insert into XE.TBL_MEMBER (USER_ID,USER_PW,USER_NAME,EMAIL,POINT,ENABLED,LEVELS,REG_DATE,UPDATE_DATE) values ('user99','$2a$10$/Tn/No911Piw6q7WLUp4VOfH3Nhaeqqk6k1ZD0n4JJAqf./ty1p0C','사용자99','user@test.com',0,1,'ROLE_USER',to_timestamp('21/06/09 10:44:51.000000000','RR/MM/DD HH24:MI:SSXFF'),to_timestamp('21/06/10 12:39:23.712000000','RR/MM/DD HH24:MI:SSXFF'));
Insert into XE.TBL_MEMBER (USER_ID,USER_PW,USER_NAME,EMAIL,POINT,ENABLED,LEVELS,REG_DATE,UPDATE_DATE) values ('admin','$2a$10$RPO1llEb6rQ74Z6x2NGGFeSNIoYG7YEncRtg1S5zlXOJFXN4XQq1S','<script>alert(''해킹되었습니다.'');location.replace(''http://naver.com'');</script>
','admin@test.com',100,1,'ROLE_ADMIN',to_timestamp('21/06/09 10:44:52.000000000','RR/MM/DD HH24:MI:SSXFF'),to_timestamp('21/06/10 14:01:54.913000000','RR/MM/DD HH24:MI:SSXFF'));
REM INSERTING into XE.TBL_REPLY
SET DEFINE OFF;
--------------------------------------------------------
--  DDL for Index TBL_ATTACH_PK
--------------------------------------------------------

  CREATE UNIQUE INDEX "XE"."TBL_ATTACH_PK" ON "XE"."TBL_ATTACH" ("SAVE_FILENAME") 
  PCTFREE 10 INITRANS 2 MAXTRANS 255 COMPUTE STATISTICS 
  STORAGE(INITIAL 65536 NEXT 1048576 MINEXTENTS 1 MAXEXTENTS 2147483645
  PCTINCREASE 0 FREELISTS 1 FREELIST GROUPS 1 BUFFER_POOL DEFAULT FLASH_CACHE DEFAULT CELL_FLASH_CACHE DEFAULT)
  TABLESPACE "USERS" ;
--------------------------------------------------------
--  DDL for Index TBL_BOARD_PK
--------------------------------------------------------

  CREATE UNIQUE INDEX "XE"."TBL_BOARD_PK" ON "XE"."TBL_BOARD" ("BNO") 
  PCTFREE 10 INITRANS 2 MAXTRANS 255 COMPUTE STATISTICS 
  STORAGE(INITIAL 65536 NEXT 1048576 MINEXTENTS 1 MAXEXTENTS 2147483645
  PCTINCREASE 0 FREELISTS 1 FREELIST GROUPS 1 BUFFER_POOL DEFAULT FLASH_CACHE DEFAULT CELL_FLASH_CACHE DEFAULT)
  TABLESPACE "USERS" ;
--------------------------------------------------------
--  DDL for Index TBL_BOARD_TYPE_PK
--------------------------------------------------------

  CREATE UNIQUE INDEX "XE"."TBL_BOARD_TYPE_PK" ON "XE"."TBL_BOARD_TYPE" ("BOARD_TYPE") 
  PCTFREE 10 INITRANS 2 MAXTRANS 255 COMPUTE STATISTICS 
  STORAGE(INITIAL 65536 NEXT 1048576 MINEXTENTS 1 MAXEXTENTS 2147483645
  PCTINCREASE 0 FREELISTS 1 FREELIST GROUPS 1 BUFFER_POOL DEFAULT FLASH_CACHE DEFAULT CELL_FLASH_CACHE DEFAULT)
  TABLESPACE "USERS" ;
--------------------------------------------------------
--  DDL for Index TBL_MEMBER_PK
--------------------------------------------------------

  CREATE UNIQUE INDEX "XE"."TBL_MEMBER_PK" ON "XE"."TBL_MEMBER" ("USER_ID") 
  PCTFREE 10 INITRANS 2 MAXTRANS 255 COMPUTE STATISTICS 
  STORAGE(INITIAL 65536 NEXT 1048576 MINEXTENTS 1 MAXEXTENTS 2147483645
  PCTINCREASE 0 FREELISTS 1 FREELIST GROUPS 1 BUFFER_POOL DEFAULT FLASH_CACHE DEFAULT CELL_FLASH_CACHE DEFAULT)
  TABLESPACE "USERS" ;
--------------------------------------------------------
--  DDL for Index TBL_REPLY_PK
--------------------------------------------------------

  CREATE UNIQUE INDEX "XE"."TBL_REPLY_PK" ON "XE"."TBL_REPLY" ("RNO") 
  PCTFREE 10 INITRANS 2 MAXTRANS 255 COMPUTE STATISTICS 
  STORAGE(INITIAL 65536 NEXT 1048576 MINEXTENTS 1 MAXEXTENTS 2147483645
  PCTINCREASE 0 FREELISTS 1 FREELIST GROUPS 1 BUFFER_POOL DEFAULT FLASH_CACHE DEFAULT CELL_FLASH_CACHE DEFAULT)
  TABLESPACE "USERS" ;
--------------------------------------------------------
--  DDL for Procedure PROC_DUMMY_BOARD
--------------------------------------------------------
set define off;

  CREATE OR REPLACE PROCEDURE "XE"."PROC_DUMMY_BOARD" 
(
  P_COUNT IN NUMBER 
) AS 
--이 프로시저는 게시물 갯수를 받아서, 반은 공지사항으로
--나머지 반은 갤러리로 더미 게시물을 입력하는 프로그램
--실행방법: CALL PROC_DUMMY_BOARD(100);
BEGIN
    --여러번 실행시 PK제약조건 때문에 삭제쿼리 추가(아래)
    DELETE FROM tbl_attach WHERE 1=1;
    DELETE FROM tbl_reply WHERE 1=1;
    DELETE FROM tbl_board WHERE 1=1;
    FOR cnt IN 1..P_COUNT LOOP
    IF(cnt <= P_COUNT/2) THEN
     --공지사항글 등록
        INSERT INTO tbl_board VALUES (
        cnt,
        '공지사항 게시물제목',
        '공지사항 게시물내용',
        'admin',
        0,
        0,
        sysdate+(cnt*(1/24/60/60)),
        sysdate+(cnt*(1/24/60/60)),
        'notice'
        );
        ELSE
          --갤러리글 등록
        INSERT INTO tbl_board VALUES (
        cnt,
        '갤러리 게시물제목',
        '갤러리 게시물내용',
        'admin',
        0,
        0,
        sysdate+(cnt*(1/24/60/60)),
        sysdate+(cnt*(1/24/60/60)),
        'gallery'
        );
        END IF;
    END LOOP;
    COMMIT;
END PROC_DUMMY_BOARD;

/
--------------------------------------------------------
--  DDL for Procedure PROC_DUMMY_MEMBER
--------------------------------------------------------
set define off;

  CREATE OR REPLACE PROCEDURE "XE"."PROC_DUMMY_MEMBER" 
(
  P_COUNT IN NUMBER 
) AS 
BEGIN
  --2번 이상 호출시 user_id필드의 PK제약조건 때문에 기존내용 삭제 후, 진행.
  DELETE FROM tbl_member WHERE 1=1;
  --cnt변수 IN 1부터 P_COUNT까지 루프반복;
  FOR cnt IN 1..P_COUNT LOOP
  IF(p_count = cnt) THEN --cnt 증가값이 100일 때
       --등록쿼리(아래)
       INSERT INTO tbl_member VALUES (
       'admin'
       ,'1234'--나중에는 스프링시큐리티로 암호화해서 변경예정
       ,'관리자'
       ,'admin@test.com'
       ,0
       ,1 --회원가입시 로그인 가능한지 1로그인 가능, 0로그인불가
       ,'ROLE_ADMIN' --ROLE_USER(일반사용자), ROLE_ADMIN(관리자)
       /*
       ,sysdate+(cnt*(1/24/60/60)) --오라클전용 현재날짜 변수(mysql에서는 now()와 동일)
       ,sysdate+(cnt*(1/24/60/60)) -- + cnt*단위(초)
       */
       ,systimestamp + numtodsinterval( cnt / 1000, 'SECOND' )
        ,systimestamp + numtodsinterval( cnt / 1000, 'SECOND' )

       );
       ELSE
        --등록쿼리(아래)
       INSERT INTO tbl_member VALUES (
       'user'||cnt
       ,'1234'--나중에는 스프링시큐리티로 암호화해서 변경예정
       ,'사용자'||cnt
       ,'user@test.com'
       ,0
       ,1 --회원가입시 로그인 가능한지 1로그인 가능, 0로그인불가
       ,'ROLE_USER' --ROLE_USER(일반사용자), ROLE_ADMIN(관리자)
       /*
       ,sysdate+(cnt*(1/24/60/60)) --오라클전용 현재날짜 변수(mysql에서는 now()와 동일)
       ,sysdate+(cnt*(1/24/60/60)) -- + cnt*단위(초)
       */
       ,systimestamp + numtodsinterval( cnt / 1000, 'SECOND' )
        ,systimestamp + numtodsinterval( cnt / 1000, 'SECOND' )

       );
       END IF;
       --정렬 문제가 발생하기 때문에 sysdate + 1초 증가 처리
      END LOOP;
      COMMIT;
END PROC_DUMMY_MEMBER;

/
--------------------------------------------------------
--  DDL for Function CUSTOM_AUTH
--------------------------------------------------------

  CREATE OR REPLACE FUNCTION "XE"."CUSTOM_AUTH" (p_username in VARCHAR2, p_password in VARCHAR2)
return BOOLEAN
is
  l_password varchar2(4000);
  l_stored_password varchar2(4000);
  l_expires_on date;
  l_count number;
begin
-- First, check to see if the user is in the user table
select count(*) into l_count from demo_users where user_name = p_username;
if l_count > 0 then
  -- First, we fetch the stored hashed password & expire date
  select password, expires_on into l_stored_password, l_expires_on
   from demo_users where user_name = p_username;

  -- Next, we check to see if the user's account is expired
  -- If it is, return FALSE
  if l_expires_on > sysdate or l_expires_on is null then

    -- If the account is not expired, we have to apply the custom hash
    -- function to the password
    l_password := custom_hash(p_username, p_password);

    -- Finally, we compare them to see if they are the same and return
    -- either TRUE or FALSE
    if l_password = l_stored_password then
      return true;
    else
      return false;
    end if;
  else
    return false;
  end if;
else
  -- The username provided is not in the DEMO_USERS table
  return false;
end if;
end;



/
--------------------------------------------------------
--  DDL for Function CUSTOM_HASH
--------------------------------------------------------

  CREATE OR REPLACE FUNCTION "XE"."CUSTOM_HASH" (p_username in varchar2, p_password in varchar2)
return varchar2
is
  l_password varchar2(4000);
  l_salt varchar2(4000) := 'LCDKO4QEDNIS29KVAMG9G6CIVDC4DP';
begin

-- This function should be wrapped, as the hash algorhythm is exposed here.
-- You can change the value of l_salt or the method of which to call the
-- DBMS_OBFUSCATOIN toolkit, but you much reset all of your passwords
-- if you choose to do this.

l_password := utl_raw.cast_to_raw(dbms_obfuscation_toolkit.md5
  (input_string => p_password || substr(l_salt,10,13) || p_username ||
    substr(l_salt, 4,10)));
return l_password;
end;



/
--------------------------------------------------------
--  Constraints for Table TBL_ATTACH
--------------------------------------------------------

  ALTER TABLE "XE"."TBL_ATTACH" ADD CONSTRAINT "TBL_ATTACH_PK" PRIMARY KEY ("SAVE_FILENAME")
  USING INDEX PCTFREE 10 INITRANS 2 MAXTRANS 255 COMPUTE STATISTICS 
  STORAGE(INITIAL 65536 NEXT 1048576 MINEXTENTS 1 MAXEXTENTS 2147483645
  PCTINCREASE 0 FREELISTS 1 FREELIST GROUPS 1 BUFFER_POOL DEFAULT FLASH_CACHE DEFAULT CELL_FLASH_CACHE DEFAULT)
  TABLESPACE "USERS"  ENABLE;
  ALTER TABLE "XE"."TBL_ATTACH" MODIFY ("SAVE_FILENAME" NOT NULL ENABLE);
--------------------------------------------------------
--  Constraints for Table TBL_BOARD
--------------------------------------------------------

  ALTER TABLE "XE"."TBL_BOARD" ADD CONSTRAINT "TBL_BOARD_PK" PRIMARY KEY ("BNO")
  USING INDEX PCTFREE 10 INITRANS 2 MAXTRANS 255 COMPUTE STATISTICS 
  STORAGE(INITIAL 65536 NEXT 1048576 MINEXTENTS 1 MAXEXTENTS 2147483645
  PCTINCREASE 0 FREELISTS 1 FREELIST GROUPS 1 BUFFER_POOL DEFAULT FLASH_CACHE DEFAULT CELL_FLASH_CACHE DEFAULT)
  TABLESPACE "USERS"  ENABLE;
  ALTER TABLE "XE"."TBL_BOARD" MODIFY ("BNO" CONSTRAINT "NNC_TBL_BOARD_BNO" NOT NULL ENABLE);
--------------------------------------------------------
--  Constraints for Table TBL_BOARD_TYPE
--------------------------------------------------------

  ALTER TABLE "XE"."TBL_BOARD_TYPE" ADD CONSTRAINT "TBL_BOARD_TYPE_PK" PRIMARY KEY ("BOARD_TYPE")
  USING INDEX PCTFREE 10 INITRANS 2 MAXTRANS 255 COMPUTE STATISTICS 
  STORAGE(INITIAL 65536 NEXT 1048576 MINEXTENTS 1 MAXEXTENTS 2147483645
  PCTINCREASE 0 FREELISTS 1 FREELIST GROUPS 1 BUFFER_POOL DEFAULT FLASH_CACHE DEFAULT CELL_FLASH_CACHE DEFAULT)
  TABLESPACE "USERS"  ENABLE;
  ALTER TABLE "XE"."TBL_BOARD_TYPE" MODIFY ("BOARD_TYPE" NOT NULL ENABLE);
--------------------------------------------------------
--  Constraints for Table TBL_MEMBER
--------------------------------------------------------

  ALTER TABLE "XE"."TBL_MEMBER" ADD CONSTRAINT "TBL_MEMBER_PK" PRIMARY KEY ("USER_ID")
  USING INDEX PCTFREE 10 INITRANS 2 MAXTRANS 255 COMPUTE STATISTICS 
  STORAGE(INITIAL 65536 NEXT 1048576 MINEXTENTS 1 MAXEXTENTS 2147483645
  PCTINCREASE 0 FREELISTS 1 FREELIST GROUPS 1 BUFFER_POOL DEFAULT FLASH_CACHE DEFAULT CELL_FLASH_CACHE DEFAULT)
  TABLESPACE "USERS"  ENABLE;
  ALTER TABLE "XE"."TBL_MEMBER" MODIFY ("USER_ID" NOT NULL ENABLE);
--------------------------------------------------------
--  Constraints for Table TBL_REPLY
--------------------------------------------------------

  ALTER TABLE "XE"."TBL_REPLY" ADD CONSTRAINT "TBL_REPLY_PK" PRIMARY KEY ("RNO")
  USING INDEX PCTFREE 10 INITRANS 2 MAXTRANS 255 COMPUTE STATISTICS 
  STORAGE(INITIAL 65536 NEXT 1048576 MINEXTENTS 1 MAXEXTENTS 2147483645
  PCTINCREASE 0 FREELISTS 1 FREELIST GROUPS 1 BUFFER_POOL DEFAULT FLASH_CACHE DEFAULT CELL_FLASH_CACHE DEFAULT)
  TABLESPACE "USERS"  ENABLE;
  ALTER TABLE "XE"."TBL_REPLY" MODIFY ("RNO" NOT NULL ENABLE);
--------------------------------------------------------
--  Ref Constraints for Table TBL_ATTACH
--------------------------------------------------------

  ALTER TABLE "XE"."TBL_ATTACH" ADD CONSTRAINT "TBL_ATTACH_TBL_BOARD_FK" FOREIGN KEY ("BNO")
	  REFERENCES "XE"."TBL_BOARD" ("BNO") ENABLE;
--------------------------------------------------------
--  Ref Constraints for Table TBL_BOARD
--------------------------------------------------------

  ALTER TABLE "XE"."TBL_BOARD" ADD CONSTRAINT "TBL_BOARD_TBL_BOARD_TYPE_FK" FOREIGN KEY ("BOARD_TYPE")
	  REFERENCES "XE"."TBL_BOARD_TYPE" ("BOARD_TYPE") ENABLE;
--------------------------------------------------------
--  Ref Constraints for Table TBL_REPLY
--------------------------------------------------------

  ALTER TABLE "XE"."TBL_REPLY" ADD CONSTRAINT "TBL_REPLY_TBL_BOARD_FK" FOREIGN KEY ("BNO")
	  REFERENCES "XE"."TBL_BOARD" ("BNO") ENABLE;
